{"categories":[{"name":"L_MicrosoftOfficeaccess","displayName":"Microsoft Access 2016"},{"parentCategory":{"ref":"L_MicrosoftOfficeaccess"},"name":"L_ApplicationSettings","displayName":"应用程序设置"},{"parentCategory":{"ref":"L_ApplicationSettings"},"name":"L_International","displayName":"国际"},{"parentCategory":{"ref":"L_ApplicationSettings"},"name":"L_WebOptions","displayName":"Web 选项..."},{"parentCategory":{"ref":"L_WebOptions"},"name":"L_General","displayName":"常规"},{"parentCategory":{"ref":"L_ApplicationSettings"},"name":"L_general5","displayName":"常规"},{"parentCategory":{"ref":"L_ApplicationSettings"},"name":"L_Security","displayName":"安全"},{"parentCategory":{"ref":"L_Security"},"name":"L_Cryptography","displayName":"加密"},{"parentCategory":{"ref":"L_Security"},"name":"L_TrustCenter","displayName":"信任中心"},{"parentCategory":{"ref":"L_TrustCenter"},"name":"L_TrustedLocations","displayName":"受信任位置"},{"parentCategory":{"ref":"L_MicrosoftOfficeaccess"},"name":"L_Customizableerrormessages","displayName":"可自定义的错误消息"},{"parentCategory":{"ref":"L_MicrosoftOfficeaccess"},"name":"L_Disableitemsinuserinterface","displayName":"禁用用户界面中的项目"},{"parentCategory":{"ref":"L_Disableitemsinuserinterface"},"name":"L_Custom","displayName":"自定义"},{"parentCategory":{"ref":"L_MicrosoftOfficeaccess"},"name":"L_Miscellaneous","displayName":"杂项"}],"policies":[{"parentCategory":{"ref":"L_International"},"supportedOn":{"ref":"windows:SUPPORTED_Windows7"},"elements":{"items":[{"item":[{"value":{"decimal":{"value":0}},"displayName":"从左向右"},{"value":{"decimal":{"value":1}},"displayName":"从右向左"}],"valueName":"new tables/queries/forms/reports","inputType":"dropdownList","caption":"默认方向","id":"L_defaultdirection0"}]},"name":"L_Defaultdirection","displayName":"默认方向","explainText":"指定默认从左向右文本方向。","tags":["L_International","L_ApplicationSettings","L_MicrosoftOfficeaccess"],"application":"access16","key":"software\\microsoft\\office\\16.0\\access\\settings"},{"parentCategory":{"ref":"L_International"},"supportedOn":{"ref":"windows:SUPPORTED_Windows7"},"elements":{"items":[{"item":[{"value":{"decimal":{"value":0}},"displayName":"界面模式"},{"value":{"decimal":{"value":1}},"displayName":"文本模式"}],"valueName":"general alignment","inputType":"dropdownList","caption":"常规对齐方式","id":"L_generalalignment1"}]},"name":"L_GeneralAlignment","displayName":"常规对齐方式","explainText":"指定默认文本对齐方式。","tags":["L_International","L_ApplicationSettings","L_MicrosoftOfficeaccess"],"application":"access16","key":"software\\microsoft\\office\\16.0\\access\\settings"},{"parentCategory":{"ref":"L_International"},"supportedOn":{"ref":"windows:SUPPORTED_Windows7"},"elements":{"items":[{"item":[{"value":{"decimal":{"value":0}},"displayName":"逻辑"},{"value":{"decimal":{"value":1}},"displayName":"直观"}],"valueName":"cursor","inputType":"dropdownList","caption":"光标移动","id":"L_cursormovement2"}]},"name":"L_Cursormovement","displayName":"光标移动","explainText":"指定默认光标移动模式。","tags":["L_International","L_ApplicationSettings","L_MicrosoftOfficeaccess"],"application":"access16","key":"software\\microsoft\\office\\16.0\\access\\settings"},{"parentCategory":{"ref":"L_General"},"supportedOn":{"ref":"windows:SUPPORTED_Windows7"},"elements":{"items":[{"item":[{"value":{"decimal":{"value":0}},"displayName":"黑色"},{"value":{"decimal":{"value":1}},"displayName":"褐紫红色"},{"value":{"decimal":{"value":2}},"displayName":"绿色"},{"value":{"decimal":{"value":3}},"displayName":"橄榄色"},{"value":{"decimal":{"value":4}},"displayName":"深蓝色"},{"value":{"decimal":{"value":5}},"displayName":"紫罗兰"},{"value":{"decimal":{"value":6}},"displayName":"青色"},{"value":{"decimal":{"value":7}},"displayName":"灰色"},{"value":{"decimal":{"value":8}},"displayName":"银白"},{"value":{"decimal":{"value":9}},"displayName":"红色"},{"value":{"decimal":{"value":10}},"displayName":"鲜绿"},{"value":{"decimal":{"value":11}},"displayName":"黄色"},{"value":{"decimal":{"value":12}},"displayName":"蓝色"},{"value":{"decimal":{"value":13}},"displayName":"紫红色"},{"value":{"decimal":{"value":14}},"displayName":"水绿色"},{"value":{"decimal":{"value":15}},"displayName":"白色"}],"valueName":"hyperlinkcolor","inputType":"dropdownList","caption":"超链接颜色","id":"L_hyperlinkcolor3"}]},"name":"L_Hyperlinkcolor","displayName":"超链接颜色","explainText":"指定默认超链接文本颜色。","tags":["L_General","L_WebOptions","L_ApplicationSettings","L_MicrosoftOfficeaccess"],"application":"access16","key":"software\\microsoft\\office\\16.0\\access\\internet"},{"parentCategory":{"ref":"L_General"},"supportedOn":{"ref":"windows:SUPPORTED_Windows7"},"elements":{"items":[{"item":[{"value":{"decimal":{"value":0}},"displayName":"黑色"},{"value":{"decimal":{"value":1}},"displayName":"褐紫红色"},{"value":{"decimal":{"value":2}},"displayName":"绿色"},{"value":{"decimal":{"value":3}},"displayName":"橄榄色"},{"value":{"decimal":{"value":4}},"displayName":"深蓝色"},{"value":{"decimal":{"value":5}},"displayName":"紫罗兰"},{"value":{"decimal":{"value":6}},"displayName":"青色"},{"value":{"decimal":{"value":7}},"displayName":"灰色"},{"value":{"decimal":{"value":8}},"displayName":"银白"},{"value":{"decimal":{"value":9}},"displayName":"红色"},{"value":{"decimal":{"value":10}},"displayName":"鲜绿"},{"value":{"decimal":{"value":11}},"displayName":"黄色"},{"value":{"decimal":{"value":12}},"displayName":"蓝色"},{"value":{"decimal":{"value":13}},"displayName":"紫红色"},{"value":{"decimal":{"value":14}},"displayName":"水绿色"},{"value":{"decimal":{"value":15}},"displayName":"白色"}],"valueName":"followedhyperlinkcolor","inputType":"dropdownList","caption":"已访问的超链接的颜色","id":"L_followedhyperlinkcolor4"}]},"name":"L_Followedhyperlinkcolor","displayName":"已访问的超链接的颜色","explainText":"指定已访问的超链接的默认文本颜色。","tags":["L_General","L_WebOptions","L_ApplicationSettings","L_MicrosoftOfficeaccess"],"application":"access16","key":"software\\microsoft\\office\\16.0\\access\\internet"},{"parentCategory":{"ref":"L_General"},"supportedOn":{"ref":"windows:SUPPORTED_Windows7"},"enabledValue":{"decimal":{"value":0}},"disabledValue":{"decimal":{"value":1}},"name":"L_Underlinehyperlinks","displayName":"给超链接加下划线","explainText":"此策略设置可控制 Access 表、查询、窗体和报表中的超链接是否带下划线。\n      \n如果您启用此策略设置，在创建表、查询、窗体和报表时，Access 将其中的所有超链接均加下划线，替代用户计算机上的任何配置更改。\n      \n如果您禁用此策略设置，Access 不将表、查询、窗体和报表中的超链接加下划线。\n      \n如果您不配置此策略设置，Access 将表、查询、窗体和报表中的超链接加下划线。\n      \n启用此策略设置将强制使用 Access 中的默认配置，因此不太可能对大多数用户造成明显的可用性问题。如果此配置更改，用户可能单击危险超链接而没有意识到，从而引起安全风险。","tags":["L_General","L_WebOptions","L_ApplicationSettings","L_MicrosoftOfficeaccess"],"application":"access16","key":"software\\microsoft\\office\\16.0\\access\\internet","valueName":"donotunderlinehyperlinks"},{"parentCategory":{"ref":"L_general5"},"supportedOn":{"ref":"windows:SUPPORTED_Windows7"},"elements":{"items":[{"valueName":"max display","minValue":0,"minValueSpecified":true,"maxValue":50,"maxValueSpecified":true,"inputType":"decimalTextBox","caption":"条目数: ","id":"L_Numberofentries"}]},"name":"L_Recentlyusedfilelist","displayName":"“最近使用的文件”列表中的文件数","explainText":"此策略设置指定当用户在 Backage 视图中在“文件”选项卡上单击“打开”时出现的“最近使用的文件”列表中显示的条目数。\n\n如果启用此策略设置，您可以将条目数指定为介于 0 到 50 之间。如果将数字设置为 0，则所有固定和取消固定的条目都将隐藏。\n\n如果禁用或未配置此策略设置，“最近使用的文件”列表中最多显示 25 个项目。\n\n注意: 如果想要彻底阻止项目添加到“最近使用的文件”列表，您可以启用 Windows 策略设置“不保留最近打开的文档的历史记录”。","tags":["L_general5","L_ApplicationSettings","L_MicrosoftOfficeaccess"],"application":"access16","key":"software\\microsoft\\office\\16.0\\access\\file mru"},{"parentCategory":{"ref":"L_general5"},"supportedOn":{"ref":"windows:SUPPORTED_Windows7"},"elements":{"items":[{"valueName":"max display","minValue":0,"minValueSpecified":true,"maxValue":20,"maxValueSpecified":true,"inputType":"decimalTextBox","caption":"文件夹数: ","id":"L_SetNumberOfPlacesInTheRecentPlacesListSpinID"}]},"name":"L_SetNumberOfPlacesInTheRecentPlacesList","displayName":"“最近使用的文件夹”列表中的文件夹数","explainText":"此策略设置指定当用户在 Backage 视图中在“文件”选项卡上单击“打开”或“另存为”时出现的“最近使用的文件夹”列表中显示的已取消固定的条目数。\n\n如果启用此策略设置，您可以将取消固定的条目数指定为介于 0 到 20 之间。如果将数字设置为 0，则所有固定和取消固定的条目都将隐藏。\n\n如果禁用或未配置此策略设置，“最近使用的文件夹”列表中最多显示 5 个取消固定的条目。\n\n注意: 如果想要彻底阻止条目添加到“最近使用的文件夹”列表，您可以启用 Windows 策略设置“不保留最近打开的文档的历史记录”。","tags":["L_general5","L_ApplicationSettings","L_MicrosoftOfficeaccess"],"application":"access16","key":"software\\microsoft\\office\\16.0\\access\\place mru"},{"parentCategory":{"ref":"L_general5"},"supportedOn":{"ref":"windows:SUPPORTED_Windows7"},"elements":{"items":[{"valueName":"default database directory","requiredSpecified":false,"expandableSpecified":false,"maxLength":2147483647,"maxLengthSpecified":false,"inputType":"textBox","caption":"默认数据库文件夹","id":"L_defaultdatabasefolder6"}]},"name":"L_Defaultdatabasefolder","displayName":"默认数据库文件夹","explainText":"指定默认工作文件夹。","tags":["L_general5","L_ApplicationSettings","L_MicrosoftOfficeaccess"],"application":"access16","key":"software\\microsoft\\office\\16.0\\access\\settings"},{"parentCategory":{"ref":"L_Cryptography"},"supportedOn":{"ref":"windows:SUPPORTED_Windows7"},"elements":{"items":[{"valueName":"cipheralgorithm","required":true,"requiredSpecified":true,"expandableSpecified":false,"maxLength":2147483647,"maxLengthSpecified":false,"inputType":"textBox","caption":"CNG 加密算法:","id":"L_SetCNGCipherAlgorithmID"}]},"name":"L_SetCNGCipherAlgorithm","displayName":"设置 CNG 加密算法","explainText":"通过此策略设置，您可以配置使用的 CNG 加密算法。\n\n如果启用此策略设置，则将使用提供的加密(如果此加密为受支持的算法)。\n\n如果禁用或未配置此策略设置，将使用 AES。","tags":["L_Cryptography","L_Security","L_ApplicationSettings","L_MicrosoftOfficeaccess"],"application":"access16","key":"software\\microsoft\\office\\16.0\\access\\security\\crypto"},{"parentCategory":{"ref":"L_Cryptography"},"supportedOn":{"ref":"windows:SUPPORTED_Windows7"},"elements":{"items":[{"item":[{"value":{"string":"ChainingModeCBC"},"displayName":"加密块链接(CBC)"},{"value":{"string":"ChainingModeCFB"},"displayName":"加密反馈(CFB)"}],"valueName":"cipherchaining","inputType":"dropdownList","id":"L_ConfigureCNGCipherChainingModeDropID"}]},"name":"L_ConfigureCNGCipherChainingMode","displayName":"配置 CNG 加密链接模式","explainText":"通过此策略设置，您可以配置使用的加密链接模式。\n\n如果启用此策略设置，将应用指定的加密链接模式。\n\n如果禁用或未配置此策略设置，加密块链接(CBC)将默认使用 CNG 加密链接模式。","tags":["L_Cryptography","L_Security","L_ApplicationSettings","L_MicrosoftOfficeaccess"],"application":"access16","key":"software\\microsoft\\office\\16.0\\access\\security\\crypto"},{"parentCategory":{"ref":"L_Cryptography"},"supportedOn":{"ref":"windows:SUPPORTED_Windows7"},"elements":{"items":[{"valueName":"cipherkeybits","minValue":0,"minValueSpecified":true,"maxValue":1000000,"maxValueSpecified":true,"inputType":"decimalTextBox","caption":"加密密钥长度","id":"L_SetCNGCipherKeyLengthSpinID"}]},"name":"L_SetCNGCipherKeyLength","displayName":"设置 CNG 加密密钥长度","explainText":"通过此策略设置，您在创建加密密钥时可以配置要使用的位数。此数字将舍入到 8 的倍数。\n\n如果启用此策略设置，则使用指定的密钥位数。\n\n如果禁用或未配置此策略设置，将使用默认值。","tags":["L_Cryptography","L_Security","L_ApplicationSettings","L_MicrosoftOfficeaccess"],"application":"access16","key":"software\\microsoft\\office\\16.0\\access\\security\\crypto"},{"parentCategory":{"ref":"L_Cryptography"},"supportedOn":{"ref":"windows:SUPPORTED_Windows7"},"elements":{"items":[{"item":[{"value":{"decimal":{"value":0}},"displayName":"使用旧式格式"},{"value":{"decimal":{"value":1}},"displayName":"使用下一代格式"},{"value":{"decimal":{"value":2}},"displayName":"以下一代格式保存所有文件"}],"valueName":"compatmode","inputType":"dropdownList","id":"L_SpecifyEncryptionCompatibilityDropID"}]},"name":"L_SpecifyEncryptionCompatibility","displayName":"指定加密兼容性","explainText":"通过此策略设置，您可以指定加密数据库的兼容性。\n\n如果启用此策略设置，为新文件加密过程中将应用指定的兼容性格式\n- 使用旧式格式\n- 使用下一代格式\n- 以下一代格式保存所有文件\n\n如果禁用或未配置此策略设置，将应用默认设置“使用下一代格式”。","tags":["L_Cryptography","L_Security","L_ApplicationSettings","L_MicrosoftOfficeaccess"],"application":"access16","key":"software\\microsoft\\office\\16.0\\access\\security\\crypto"},{"parentCategory":{"ref":"L_Cryptography"},"supportedOn":{"ref":"windows:SUPPORTED_Windows7"},"elements":{"items":[{"valueName":"context","required":true,"requiredSpecified":true,"expandableSpecified":false,"maxLength":2147483647,"maxLengthSpecified":false,"inputType":"textBox","caption":"参数","id":"L_SetParametersForCNGContextID"}]},"name":"L_SetParametersForCNGContext","displayName":"设置 CNG 上下文的参数","explainText":"通过此策略设置，您可以指定 CNG 上下文应该使用的加密参数。\n\n如果启用此策略设置，指定的参数将传递给 CNG 上下文。\n\n如果禁用或未配置此策略设置，将使用默认 CNG 值。","tags":["L_Cryptography","L_Security","L_ApplicationSettings","L_MicrosoftOfficeaccess"],"application":"access16","key":"software\\microsoft\\office\\16.0\\access\\security\\crypto"},{"parentCategory":{"ref":"L_Cryptography"},"supportedOn":{"ref":"windows:SUPPORTED_Windows7"},"elements":{"items":[{"item":[{"value":{"string":"SHA1"},"displayName":"SHA1"},{"value":{"string":"SHA256"},"displayName":"SHA256"},{"value":{"string":"SHA384"},"displayName":"SHA384"},{"value":{"string":"SHA512"},"displayName":"SHA512"}],"valueName":"hashalgorithm","inputType":"dropdownList","id":"L_SpecifyCNGHashAlgorithmDropID"}]},"name":"L_SpecifyCNGHashAlgorithm","displayName":"指定 CNG 哈希算法","explainText":"通过此策略设置，您可以指定使用的哈希算法。\n\n如果启用此策略设置，CNG 将使用所选的哈希算法。\n\n如果禁用或未配置此策略设置，将使用默认的 CNG 哈希算法。","tags":["L_Cryptography","L_Security","L_ApplicationSettings","L_MicrosoftOfficeaccess"],"application":"access16","key":"software\\microsoft\\office\\16.0\\access\\security\\crypto"},{"parentCategory":{"ref":"L_Cryptography"},"supportedOn":{"ref":"windows:SUPPORTED_Windows7"},"elements":{"items":[{"valueName":"passwordspincount","minValue":0,"minValueSpecified":true,"maxValue":10000000,"maxValueSpecified":true,"inputType":"decimalTextBox","id":"L_SetCNGPasswordSpinCountSpinID"}]},"name":"L_SetCNGPasswordSpinCount","displayName":"设置 CNG 密码调节计数","explainText":"通过此策略设置，您可以指定调节(刷新)密码验证程序的次数。\n\n如果启用此策略设置，指定的数字将为刷新密码的次数。\n\n如果禁用或未配置此策略设置，将使用默认值(100000)。","tags":["L_Cryptography","L_Security","L_ApplicationSettings","L_MicrosoftOfficeaccess"],"application":"access16","key":"software\\microsoft\\office\\16.0\\access\\security\\crypto"},{"parentCategory":{"ref":"L_Cryptography"},"supportedOn":{"ref":"windows:SUPPORTED_Windows7"},"elements":{"items":[{"valueName":"rngalgorithm","required":true,"requiredSpecified":true,"expandableSpecified":false,"maxLength":2147483647,"maxLengthSpecified":false,"inputType":"textBox","caption":"随机数字生成器:","id":"L_SpecifyCNGRandomNumberGeneratorAlgorithmID"}]},"name":"L_SpecifyCNGRandomNumberGeneratorAlgorithm","displayName":"指定 CNG 随机数字生成器算法","explainText":"通过此策略设置，您可以配置要使用的 CNG 随机数字生成器。\n\n如果启用此策略设置，将使用指定的随机数字生成器。\n\n如果禁用或未配置此策略设置，将使用默认的随机数字生成器。","tags":["L_Cryptography","L_Security","L_ApplicationSettings","L_MicrosoftOfficeaccess"],"application":"access16","key":"software\\microsoft\\office\\16.0\\access\\security\\crypto"},{"parentCategory":{"ref":"L_Cryptography"},"supportedOn":{"ref":"windows:SUPPORTED_Windows7"},"elements":{"items":[{"valueName":"saltbytes","minValue":0,"minValueSpecified":true,"maxValue":5000,"maxValueSpecified":true,"inputType":"decimalTextBox","caption":"字节数","id":"L_SpecifyCNGSaltLengthSpinID"}]},"name":"L_SpecifyCNGSaltLength","displayName":"指定 CNG salt 长度","explainText":"通过此策略设置，您可以指定应使用 salt 的字节数。\n\n如果启用此策略设置，将使用指定的字数。\n\n如果禁用或未配置此策略设置，将使用默认长度或 16。","tags":["L_Cryptography","L_Security","L_ApplicationSettings","L_MicrosoftOfficeaccess"],"application":"access16","key":"software\\microsoft\\office\\16.0\\access\\security\\crypto"},{"parentCategory":{"ref":"L_TrustCenter"},"supportedOn":{"ref":"windows:SUPPORTED_Windows7"},"elements":{"items":[{"valueName":"maxtrusteddocuments","minValue":0,"minValueSpecified":true,"maxValue":20000,"maxValueSpecified":true,"inputType":"decimalTextBox","caption":"最大数目:","id":"L_SetMaximumNumberOfTrustedDocumentsSpinID"}]},"name":"L_SetMaximumNumberOfTrustedDocuments","displayName":"设置受信任文档的最大数目","explainText":"通过此策略设置，您可以指定运行清除任务之前可存储在注册表中的受信任文档的信任记录的最大数目。清除任务将存储在注册表中的受信任文档的数目降至“设置要保留的信任记录的最大数目”策略设置设定的值。\n\n如果启用此策略设置，在运行清除任务之前可以指定存储在注册表中的受信任文档的最大数目，上限为 20,000。出于性能原因，建议不要将此策略设置设为上限。\n\n如果禁用或不配置此策略设置，则运行清除任务之前可存储在注册表中的受信任文档的最大数目将使用默认值 500。","tags":["L_TrustCenter","L_Security","L_ApplicationSettings","L_MicrosoftOfficeaccess"],"application":"access16","key":"software\\microsoft\\office\\16.0\\access\\security\\trusted documents"},{"parentCategory":{"ref":"L_TrustCenter"},"supportedOn":{"ref":"windows:SUPPORTED_Windows7"},"elements":{"items":[{"valueName":"maxpreservetrusteddocuments","minValue":0,"minValueSpecified":true,"maxValue":20000,"maxValueSpecified":true,"inputType":"decimalTextBox","caption":"要保留的最大数目:","id":"L_SetMaximumNumberOfTrustRecordsToPreserveSpinID"}]},"name":"L_SetMaximumNumberOfTrustRecordsToPreserve","displayName":"设置要保留的信任记录的最大数目","explainText":"通过此策略设置，您可以指定清除任务检测到此应用程序信任的受信任文档数超出“设置受信任文档的最大数目”策略设置所设置的数目时要保留的信任记录的最大数目。\n\n如果启用此策略设置，则可指定上限为 20000 的要保留的信任记录的最大数目。出于性能原因，建议不要将其设置为上限。\n\n如果禁用或未配置此策略设置，将使用默认值 400。","tags":["L_TrustCenter","L_Security","L_ApplicationSettings","L_MicrosoftOfficeaccess"],"application":"access16","key":"software\\microsoft\\office\\16.0\\access\\security\\trusted documents"},{"parentCategory":{"ref":"L_TrustCenter"},"supportedOn":{"ref":"windows:SUPPORTED_Windows7"},"elements":{"items":[{"item":[{"value":{"decimal":{"value":2}},"displayName":"禁用所有宏，并发出通知"},{"value":{"decimal":{"value":3}},"displayName":"禁用无数字签署的所有宏"},{"value":{"decimal":{"value":4}},"displayName":"禁用所有宏，并且不通知"},{"value":{"decimal":{"value":1}},"displayName":"启用所有宏(不推荐)"}],"valueName":"vbawarnings","inputType":"dropdownList","id":"L_Empty"},{"trueValue":{"decimal":{"value":1}},"falseValue":{"decimal":{"value":0}},"valueName":"vbadigsigtrustedpublishers","key":"software\\microsoft\\office\\16.0\\access\\security","inputType":"checkBox","caption":"要求受信任的发布者签署宏","id":"L_VBADigSigTrustedPublishersStr"},{"trueValue":{"decimal":{"value":1}},"falseValue":{"decimal":{"value":0}},"valueName":"vbarequirelmtrustedpublisher","key":"software\\microsoft\\office\\16.0\\access\\security","inputType":"checkBox","caption":"阻止仅安装在当前用户证书存储中来自受信任发布者的证书","id":"L_VBAOnlyAllowLMTrustedPublisherStr"},{"trueValue":{"decimal":{"value":1}},"falseValue":{"decimal":{"value":0}},"valueName":"vbarequiredigsigwithcodesigningeku","key":"software\\microsoft\\office\\16.0\\access\\security","inputType":"checkBox","caption":"需要来自受信任发布者的证书的扩展密钥用法(EKU)","id":"L_VBAOnlyAllowDigSigWithCodeSigningEKUStr"}]},"name":"L_VBAWarningsPolicy","displayName":"VBA 宏通知设置","explainText":"此策略设置可控制指定的应用程序在 Visual Basic for Applications (VBA)宏存在时如何警告用户。\n\n如果启用此策略设置，可以从用于确定指定的应用程序关于宏将如何警告用户的四个选项中选择:\n \n- 禁用所有宏，并发出通知: 应用程序对所有宏(无论已签署还是未签署)显示信任栏。此选项可强制使用 Office 中的默认配置。\n \n- 禁用无数字签署的所有宏: 应用程序对数字签名的宏显示信任栏，从而允许用户启用它们或让它们保留为禁用状态。禁用任何未签署的宏，并且不通知用户。\n \n- 禁用所有宏，并且不通知: 应用程序禁用所有宏(无论已签署还是未签署)，并且不通知用户。\n \n- 启用所有宏(不推荐): 启用所有宏(无论已签署还是未签署)。此选项允许危险代码未经检测即运行，大大降低了安全性。\n \n如果禁用此策略设置，“禁用所有宏，并发出通知”将为默认设置。\n \n如果未配置此策略设置，当用户打开指定的应用程序中包含 VBA 宏的文件时，应用程序将打开文件并禁用宏，并且显示具有警告的信任栏，表明宏存在并且已被禁用。用户可以根据需要检查并编辑文件，但是在信任栏上单击“启用内容”进行启用之前不能使用任何被禁用的功能。如果用户单击“启用内容”，文档将作为受信任文档被添加。\n \n如果选择“禁用无数字签署的所有宏”，建议还选中“要求受信任的发布者签署宏”复选框，以帮助提高安全性。\n\n如果选中“要求受信任的发布者签署宏”复选框，当用户打开的文件具有数字签署(而不是由受信任的发布者签署)的宏时，将收到有关阻止宏运行的通知。我们建议你另外选择两个复选框以帮助提高安全性。\n\n- 阻止安装在当前用户证书存储中来自受信任发布者的证书\n\n- 需要来自受信任发布者的证书的扩展密钥用法(EKU)\n\n注意: 仅当选中“要求受信任的发布者签署宏”复选框时，这两个复选框才适用。\n\n请注意: 所有三个复选框仅适用于 Office 和 Visio 2012 以及更高版本。不适用于 Office 2016 或 Office 2019。\n\n如果选择“阻止安装在本地计算机证书存储中来自受信任发布者的证书”复选框，当当前用户证书存储区中安装了来自受信任发布者的证书时，宏将不会运行。证书必须安装在本地计算机证书存储中，宏才能运行。只有对计算机具有管理员访问权限的帐户才能在本地计算机证书存储中安装证书。\n\n如果选择“需要来自受信任发布者的证书的扩展密钥用法(EKU)”复选框，则 EKU 必须包括“代码签名”作为证书的用途之一。\n\n重要提示: 如果选中“禁用无数字签署的所有宏”，用户将不能打开未签署的 Access 数据库。\n\n另请注意，Microsoft Office 将受信任发布者的证书存储在 Internet Explorer 受信任发布者存储中。较早版本的 Microsoft Office 将受信任发布者证书信息(特别是证书指纹)存储在特殊的 Office 受信任发布者存储中。Microsoft Office 仍从 Office 受信任发布者存储中读取受信任发布者证书信息，但它不向此存储写入信息。\n\n因此，如果你在以前版本的 Microsoft Office 中创建了受信任发布者列表，并且升级到 Office 版本，你的受信任发布者列表仍将可识别。但是，添加到该列表的任何受信任发布者证书将存储在 Internet Explorer 受信任发布者存储中。","tags":["L_TrustCenter","L_Security","L_ApplicationSettings","L_MicrosoftOfficeaccess"],"application":"access16","key":"software\\microsoft\\office\\16.0\\access\\security"},{"parentCategory":{"ref":"L_TrustCenter"},"supportedOn":{"ref":"windows:SUPPORTED_Windows7"},"enabledValue":{"decimal":{"value":1}},"disabledValue":{"decimal":{"value":0}},"name":"L_BlockMacroExecutionFromInternet","displayName":"阻止宏在来自 Internet 的 Office 文件中运行","explainText":"\n        使用此策略设置可以阻止来自 Internet 的  Office 文件中运行宏。\n\n        如果启用此策略设置，即使在“信任中心”的“宏设置”部分中选择了“启用所有宏”，也将阻止宏运行。用户将收到阻止宏运行的通知。\n\n        允许运行宏时的例外情况为:\n       - 将 Office 文件保存到受信任的位置。\n        - 用户以前信任的 Office 文件。\n       - 宏经过数字签名，设备上安装了匹配的“受信任发布服务器”证书。\n\n       如果禁用此策略设置，“信任中心”的“宏设置”部分中配置的设置将确定是否在来自 Internet  的 Office 文件中运行宏。\n\n        如果未配置此策略设置，将阻止宏运行。用户将收到通知，告知他们来自 Internet 宏的安全风险以及了解详细信息的链接。\n\n        有关详细信息，请参阅https://go.microsoft.com/fwlink/p/?linkid=2185771。\n      ","tags":["L_TrustCenter","L_Security","L_ApplicationSettings","L_MicrosoftOfficeaccess"],"application":"access16","key":"software\\microsoft\\office\\16.0\\access\\security","valueName":"blockcontentexecutionfrominternet"},{"parentCategory":{"ref":"L_TrustCenter"},"supportedOn":{"ref":"windows:SUPPORTED_Windows7"},"enabledValue":{"decimal":{"value":1}},"disabledValue":{"decimal":{"value":0}},"name":"L_TurnOffTrustedDocumentsOnTheNetwork","displayName":"禁用网络上受信任的文档","explainText":"通过此策略设置，您可以禁用从网络上打开的文档的受信任文档功能。\n\n如果启用此策略设置，用户将始终看到针对从网络上打开的文档的活动内容(如宏、ActiveX 控件、数据连接等)的安全通知。\n\n如果禁用或未配置此策略设置，使用受信任文档功能，用户可始终允许文档中的活动内容(如宏、ActiveX 控件、数据连接等)，以便用户在下次打开文档时不会收到提示。受信任文档属于安全通知例外。","tags":["L_TrustCenter","L_Security","L_ApplicationSettings","L_MicrosoftOfficeaccess"],"application":"access16","key":"software\\microsoft\\office\\16.0\\access\\security\\trusted documents","valueName":"disablenetworktrusteddocuments"},{"parentCategory":{"ref":"L_TrustCenter"},"supportedOn":{"ref":"windows:SUPPORTED_Windows7"},"enabledValue":{"decimal":{"value":1}},"disabledValue":{"decimal":{"value":0}},"name":"L_Disableallapplicationextensions","displayName":"禁用所有应用程序加载项","explainText":"此策略设置可禁用指定的 Office 2016 应用程序的所有加载项。\n\n如果启用此策略设置，则禁用指定的 Office 2016 应用程序的所有加载项。\n\n如果禁用或不配置此策略设置，则允许指定的 Office 2016 应用程序的所有加载项运行而不通知用户。","tags":["L_TrustCenter","L_Security","L_ApplicationSettings","L_MicrosoftOfficeaccess"],"application":"access16","key":"software\\microsoft\\office\\16.0\\access\\security","valueName":"disablealladdins"},{"parentCategory":{"ref":"L_TrustCenter"},"supportedOn":{"ref":"windows:SUPPORTED_Windows7"},"enabledValue":{"decimal":{"value":1}},"disabledValue":{"decimal":{"value":0}},"name":"L_RequirethatApplicationExtensionsaresigned","displayName":"要求由受信任发布者签署应用程序加载项","explainText":"此策略设置控制此应用程序的加载项是否必须由受信任的发布者数字签署。\n \n如果你启用此策略设置，此应用程序在加载每个加载项之前检查它的数字签名。如果某个加载项没有数字签名，或者签名不是来自受信任的发布者，此应用程序将禁用该加载项并通知用户。如果你要求所有加载项均由受信任的发布者签署，则必须将证书添加到“受信任的发布者”列表。有关获取和分发证书的详细信息，请参阅 http://go.microsoft.com/fwlink/?LinkId=294922。Office 2016 在 Internet Explorer 受信任的发布者库中存储受信任的发布者证书。较早版本的 Microsoft Office 将受信任的发布者证书信息(特别是证书指纹)存储在特殊的 Office 受信任的发布者库中。Office 2016 仍从 Office 受信任的发布者库中读取受信任的发布者证书信息，但不向此库写入信息。因此，如果你在以前版本的 Office 中创建了受信任的发布者列表，并且升级到 Office 2016，你的受信任的发布者列表仍将可识别。但是，你添加到该列表的任何受信任的发布者证书将存储在 Internet Explorer 受信任的发布者库中。有关受信任的发布者详细信息，请参阅 Office 资源工具包。\n\n如果你禁用或不配置此策略设置，此应用程序在打开应用程序加载项之前不检查它们的数字签名。如果加载了危险加载项，则可能危害用户的计算机或危及数据安全。","tags":["L_TrustCenter","L_Security","L_ApplicationSettings","L_MicrosoftOfficeaccess"],"application":"access16","key":"software\\microsoft\\office\\16.0\\access\\security","valueName":"requireaddinsig"},{"parentCategory":{"ref":"L_TrustCenter"},"supportedOn":{"ref":"windows:SUPPORTED_Windows7"},"enabledValue":{"decimal":{"value":1}},"disabledValue":{"decimal":{"value":0}},"name":"L_DisableTrustBarNotificationforunsigned","displayName":"禁用针对未签署的应用程序加载项的信任栏通知并阻止它们","explainText":"此策略设置可控制指定的 Office 应用程序在加载了未签署的应用程序加载项时是通知用户还是无提示地禁用此类加载项而不通知。此策略设置仅在启用“要求由受信任发布者签署应用程序加载项”策略设置时适用，“要求由受信任发布者签署应用程序加载项”策略设置可阻止用户更改此策略设置。\n      \n如果您启用此策略设置，应用程序自动禁用未签署的加载项而不通知用户。\n\n如果您禁用此策略设置，在应用程序配置为要求所有加载项均由受信任发布者签署的情况下，该应用程序加载的任何未签署的加载项将被禁用，并且该应用程序将在活动窗口顶部显示信任栏。信任栏包含将未签署的加载项通知用户的消息。\n\n如果您不配置此策略设置，则禁用行为应用，另外，用户可以在应用程序的信任中心的“加载项”类别中自己配置此要求。","tags":["L_TrustCenter","L_Security","L_ApplicationSettings","L_MicrosoftOfficeaccess"],"application":"access16","key":"software\\microsoft\\office\\16.0\\access\\security","valueName":"notbpromptunsignedaddin"},{"parentCategory":{"ref":"L_TrustCenter"},"supportedOn":{"ref":"windows:SUPPORTED_Windows7"},"enabledValue":{"decimal":{"value":1}},"disabledValue":{"decimal":{"value":0}},"name":"L_TurnOffTrustedDocuments","displayName":"禁用受信任的文档","explainText":"通过此策略设置，您可以禁用受信任文档功能。使用受信任文档功能，用户可以始终启用文档中的活动内容，如宏、ActiveX 控件、数据连接等，以便用户下次打开文档时不会提示这些内容。受信任文档属于安全通知例外。\n\n如果启用此策略设置，将禁用受信任文档功能。用户在每次打开包含活动内容的文档时都会收到安全提示。\n\n如果禁用或未配置此策略设置，在用户启用文档内容时，文档将受信任，并且用户不会收到安全提示。","tags":["L_TrustCenter","L_Security","L_ApplicationSettings","L_MicrosoftOfficeaccess"],"application":"access16","key":"software\\microsoft\\office\\16.0\\access\\security\\trusted documents","valueName":"disabletrusteddocuments"},{"parentCategory":{"ref":"L_TrustedLocations"},"supportedOn":{"ref":"windows:SUPPORTED_Windows7"},"enabledValue":{"decimal":{"value":1}},"disabledValue":{"decimal":{"value":0}},"name":"L_AllowTrustedLocationsOnTheNetwork","displayName":"允许网络上的受信任位置","explainText":"此策略设置可控制是否可以使用网络上的受信任位置。\n      \n如果启用此策略设置，用户可指定网络共享或不受其直接控制的其他远程位置上的受信任位置，方式是在“信任中心”的“受信任位置”部分选中“允许网络上的受信任位置(不推荐)”复选框。允许以最小安全从受信任位置加载内容、代码和加载项，且不提示用户权限。\n\n如果禁用或未配置此策略设置，所选应用程序会忽略列在“信任中心”的“受信任位置”部分的任何网络位置。禁用此策略设置不会从“受信任位置”列表中删除任何网络位置。而是会强制所选应用程序将这些位置视为非信任位置，且会阻止用户将新的网络位置添加到该列表上。\n\n如果您还通过组策略部署受信任位置，则应验证这些位置中是否存在远程位置。如果其中包含远程位置，而您又通过此策略设置禁用了远程位置，则这些指向远程位置的策略注册表项在客户端计算机上将被忽略。\n\n禁用此策略设置会因为用户将网络位置添加到受信任位置列表而导致混乱。但是，建议不要启用此策略设置(如“允许网络上的受信任位置(不推荐)”复选框所述)，因此，实际上在大多数情况下它很可能禁用此策略设置，不会导致大多数用户出现明显的可用性问题。\n","tags":["L_TrustedLocations","L_TrustCenter","L_Security","L_ApplicationSettings","L_MicrosoftOfficeaccess"],"application":"access16","key":"software\\microsoft\\office\\16.0\\access\\security\\trusted locations","valueName":"allownetworklocations"},{"parentCategory":{"ref":"L_TrustedLocations"},"supportedOn":{"ref":"windows:SUPPORTED_Windows7"},"enabledValue":{"decimal":{"value":1}},"disabledValue":{"decimal":{"value":0}},"name":"L_DisableTrustedLoc","displayName":"禁用所有受信任位置","explainText":"通过此策略设置，管理员可以禁用指定的应用程序中的所有受信任位置。在信任中心指定的受信任位置用于定义被认为安全的文件位置。允许使用最低安全性从受信任位置加载内容、代码和加载项，而不提示用户获取权限。如果从受信任位置打开危险文件，该文件将不受标准安全措施的检查，可能危害用户的计算机或数据。\n      \n如果你启用此策略设置，指定的应用程序中的所有受信任位置(在信任中心指定的位置)均被忽略，包括在安装期间由 Office 2016 建立的、使用组策略部署到用户的或由用户自己添加的受信任位置。从受信任位置打开文件时将再次提示用户。\n\n如果你禁用或不配置此策略设置，指定的应用程序中的所有受信任位置(在信任中心指定的位置)均被认为是安全的。","tags":["L_TrustedLocations","L_TrustCenter","L_Security","L_ApplicationSettings","L_MicrosoftOfficeaccess"],"application":"access16","key":"software\\microsoft\\office\\16.0\\access\\security\\trusted locations","valueName":"alllocationsdisabled"},{"parentCategory":{"ref":"L_Miscellaneous"},"supportedOn":{"ref":"windows:SUPPORTED_Windows7"},"elements":{"items":[{"item":[{"value":{"decimal":{"value":12}},"displayName":"Access 2007"},{"value":{"decimal":{"value":10}},"displayName":"Access 2002-2003"},{"value":{"decimal":{"value":9}},"displayName":"Access 2000"}],"valueName":"default file format","inputType":"dropdownList","id":"L_empty87"}]},"name":"L_DefaultFileFormat","displayName":"默认文件格式","explainText":"此策略设置可控制是使用新的 Access 格式还是使用较早版本的 Access 使用的格式创建新数据库文件。 \n      \n如果启用此策略设置，你可以指定是使用默认的 Access 2016 格式还是使用 Access 2002--2003 格式创建新数据库文件。用户在保存文件时仍可以替代默认值并选择特定格式，但不能通过“Access 选项”对话框自己设置默认值。\n      \n如果你禁用或不配置此策略设置，当用户创建新数据库文件时，Access 使用新的 Access 2016 格式保存它们；但是，用户可以通过从“Access 选项|常用|创建数据库”下的“默认文件格式”下拉列表中选择文件格式更改此功能。注意: 如果你禁用此策略设置，用户可以从三种默认文件格式中选择: Access 2000、Access 2002--2003 和 Access 2016。你可以使用此策略设置来指定 Access 2002--2003 或 Access 2016 格式作为默认值，但不能指定 Access 2000 格式作为默认值。","tags":["L_Miscellaneous","L_MicrosoftOfficeaccess"],"application":"access16","key":"software\\microsoft\\office\\16.0\\access\\settings"},{"parentCategory":{"ref":"L_Miscellaneous"},"supportedOn":{"ref":"windows:SUPPORTED_Windows7"},"enabledValue":{"decimal":{"value":1}},"disabledValue":{"decimal":{"value":0}},"name":"L_Donotprompttoconvertolderdatabases","displayName":"不提示转换旧数据库","explainText":"此策略设置可控制 Access 打开较旧的数据库时是否提示用户转换这些数据库。\n      \n如果您启用此策略设置，Access 将保留 Access 97 格式数据库不变。Access 通知用户数据库的格式较旧，但不为用户提供转换数据库的选项。较新版本的 Access 中引入的某些功能将不可用，并且用户将不能对数据库进行任何设计更改。\n      \n如果您禁用或不配置此策略设置，当用户打开使用 Access 97 文件格式创建的数据库时，Access 提示他们将数据库转换为较新的文件格式。用户可以选择转换数据库或将其保留为较旧的格式。","tags":["L_Miscellaneous","L_MicrosoftOfficeaccess"],"application":"access16","key":"software\\microsoft\\office\\16.0\\access\\settings","valueName":"noconvertdialog"},{"parentCategory":{"ref":"L_Miscellaneous"},"supportedOn":{"ref":"windows:SUPPORTED_Windows7"},"enabledValue":{"decimal":{"value":1}},"disabledValue":{"decimal":{"value":0}},"name":"L_2007CompatibleCachePolicy","displayName":"使用 Access 2007 兼容的缓存","explainText":"通过此策略设置，您可以强制新数据库和现有数据库使用缓存兼容的 Access 2007。\n\n如果启用此策略设置，新旧数据库将使用与 Access 2007 兼容的缓存。\n\n如果禁用或未配置此策略设置，新数据库将默认使用与 Access 2007 不兼容的缓存。现有数据库将使用创建时所用的缓存模式。\n","tags":["L_Miscellaneous","L_MicrosoftOfficeaccess"],"application":"access16","key":"software\\microsoft\\office\\16.0\\access\\settings","valueName":"use2007compatiblecache"},{"parentCategory":{"ref":"L_Miscellaneous"},"supportedOn":{"ref":"windows:SUPPORTED_Windows7"},"enabledValue":{"decimal":{"value":1}},"disabledValue":{"decimal":{"value":0}},"name":"L_ClearCacheOnClosePolicy","displayName":"关闭时清除缓存","explainText":"通过此策略设置，你可以在关闭数据库时强制清除与 Access 2016 不兼容的数据库的缓存。\n\n如果启用此策略设置，则将在关闭不使用 Access 2016 兼容缓存的数据库时清除该数据库的任何缓存的 Microsoft SharePoint 或业务数据目录(BDC)链接。如果此数据库使用 Access 2016 兼容的缓存，则此策略设置将在启用时无效。\n\n如果禁用或不配置此策略设置，则不会在关闭不使用 Access 2016 兼容缓存的数据库时清除该数据库的任何缓存的 Microsoft SharePoint 或业务数据目录(BDC)链接。如果数据库使用 Access 2016 兼容的缓存，则此策略将在禁用或不配置时无效。","tags":["L_Miscellaneous","L_MicrosoftOfficeaccess"],"application":"access16","key":"software\\microsoft\\office\\16.0\\access\\settings","valueName":"clearcacheonclose"},{"parentCategory":{"ref":"L_Miscellaneous"},"supportedOn":{"ref":"windows:SUPPORTED_Windows7"},"enabledValue":{"decimal":{"value":1}},"disabledValue":{"decimal":{"value":0}},"name":"L_NeverCachePolicy","displayName":"从不缓存数据","explainText":"通过此策略设置，你可以强制不使用 Access 2016 兼容缓存的数据库不缓存任何数据。\n\n如果启用此策略设置，则不会对不使用 Access 2016 兼容缓存的数据库缓存来自 Microsoft SharePoint 或业务数据目录(BDC)的数据。如果数据库使用 Access 2016 兼容缓存，则此策略设置将在启用时无效。\n\n如果禁用或不配置此策略设置，则将为不使用 Access 2016 兼容缓存的数据库缓存来自 Microsoft SharePoint 或业务数据目录(BDC)的数据。如果此数据库使用 Access 2016 兼容缓存，则此策略设置将在禁用或不配置时无效。","tags":["L_Miscellaneous","L_MicrosoftOfficeaccess"],"application":"access16","key":"software\\microsoft\\office\\16.0\\access\\settings","valueName":"nevercache"},{"parentCategory":{"ref":"L_Miscellaneous"},"supportedOn":{"ref":"windows:SUPPORTED_Windows7"},"elements":{"items":[{"valueName":"personaltemplatesaccess","requiredSpecified":false,"expandable":true,"expandableSpecified":true,"maxLength":2147483647,"maxLengthSpecified":false,"inputType":"textBox","caption":"个人模板路径","id":"L_PersonalTemplatesPath"}]},"name":"L_PersonalTemplatesPath","displayName":"Access 的个人模板路径","explainText":"此策略设置指定用户的个人模板的位置。\n\n如果启用此策略设置，用户将在 Office 开始屏幕上和“文件”|“新建”中看到他们保存在自定义模板选项卡中的指定位置的任何模板，并且在保存模板时，其默认文件夹将更改为指定位置。\n\n如果禁用或未配置此策略设置，用户不会在 Office 开始屏幕上和“文件”|“新建”中看到他们保存在自定义模板选项卡中的模板，并且在保存模板时，其默认文件夹将是文档保存位置。","tags":["L_Miscellaneous","L_MicrosoftOfficeaccess"],"application":"access16","key":"software\\microsoft\\office\\16.0\\access\\settings"},{"parentCategory":{"ref":"L_Miscellaneous"},"supportedOn":{"ref":"windows:SUPPORTED_Windows7"},"enabledValue":{"decimal":{"value":1}},"disabledValue":{"decimal":{"value":0}},"name":"L_DefaultCustomTab","displayName":"默认情况下在 Access 的 Office 开始屏幕上和“文件”|“新建”中显示自定义模板选项卡","explainText":"此策略设置控制自定义模板(如果存在)在 Access 的 Office 开始屏幕上和“文件|新建”中是否显示为默认选项卡。\n\n如果启用此策略设置，则当自定义模板(这可能包括自定义 XML 编程的模板、工作组模板路径中的模板、个人模板路径中的模板或 SharePoint 模板)存在时，用户将在 Access 的 Office 开始屏幕上和“文件|新建”中看到这些模板选项卡为默认选项卡。\n\n如果禁用或不配置此策略设置，除非禁用所有 Office 提供的模板，否则用户将在 Access 的 Office 开始屏幕上和“文件|新建”中看到特色模板选项卡作为默认选项卡。","tags":["L_Miscellaneous","L_MicrosoftOfficeaccess"],"application":"access16","key":"software\\microsoft\\office\\16.0\\access\\settings","valueName":"officestartdefaulttab"},{"parentCategory":{"ref":"L_Advanced"},"supportedOn":{"ref":"windows:SUPPORTED_Windows7"},"enabledList":[{"value":{"string":"true"},"valueName":"Microsoft.Office.UXPlatform.FluentSVRefresh"},{"value":{"string":"true"},"valueName":"Microsoft.Office.UXPlatform.RibbonTouchOptimization"},{"value":{"string":"true"},"valueName":"Microsoft.Office.UXPlatform.FluentSVRibbonOptionsMenu"}],"disabledList":[{"value":{"string":"false"},"valueName":"Microsoft.Office.UXPlatform.FluentSVRefresh"},{"value":{"string":"false"},"valueName":"Microsoft.Office.UXPlatform.RibbonTouchOptimization"},{"value":{"string":"false"},"valueName":"Microsoft.Office.UXPlatform.FluentSVRibbonOptionsMenu"}],"name":"L_accessVisualRefresh","displayName":"Visual refresh 设置","explainText":"设置是否开启 Visual refresh. 可能对某些版本的 Office 无效。\n\n数据由 Office Tool Plus 提供。","tags":["L_Advanced"],"application":"access16","key":"Software\\Microsoft\\Office\\16.0\\Common\\ExperimentConfigs\\ExternalFeatureOverrides\\access"}]}