{"categories":[{"name":"L_MicrosoftOfficeaccess","displayName":"Microsoft Access\u00A02016"},{"parentCategory":{"ref":"L_MicrosoftOfficeaccess"},"name":"L_ApplicationSettings","displayName":"Paramètres de l’application"},{"parentCategory":{"ref":"L_ApplicationSettings"},"name":"L_International","displayName":"International"},{"parentCategory":{"ref":"L_ApplicationSettings"},"name":"L_WebOptions","displayName":"Options web..."},{"parentCategory":{"ref":"L_WebOptions"},"name":"L_General","displayName":"Général"},{"parentCategory":{"ref":"L_ApplicationSettings"},"name":"L_general5","displayName":"Général"},{"parentCategory":{"ref":"L_ApplicationSettings"},"name":"L_Security","displayName":"Sécurité"},{"parentCategory":{"ref":"L_Security"},"name":"L_Cryptography","displayName":"Chiffrement"},{"parentCategory":{"ref":"L_Security"},"name":"L_TrustCenter","displayName":"Centre de gestion de la confidentialité"},{"parentCategory":{"ref":"L_TrustCenter"},"name":"L_TrustedLocations","displayName":"Emplacements approuvés"},{"parentCategory":{"ref":"L_MicrosoftOfficeaccess"},"name":"L_Customizableerrormessages","displayName":"Messages d’erreur personnalisables"},{"parentCategory":{"ref":"L_MicrosoftOfficeaccess"},"name":"L_Disableitemsinuserinterface","displayName":"Désactiver les éléments de l’interface utilisateur"},{"parentCategory":{"ref":"L_Disableitemsinuserinterface"},"name":"L_Custom","displayName":"Personnalisé"},{"parentCategory":{"ref":"L_MicrosoftOfficeaccess"},"name":"L_Miscellaneous","displayName":"Divers"}],"policies":[{"parentCategory":{"ref":"L_International"},"supportedOn":{"ref":"windows:SUPPORTED_Windows7"},"elements":{"items":[{"item":[{"value":{"decimal":{"value":0}},"displayName":"De gauche à droite"},{"value":{"decimal":{"value":1}},"displayName":"De droite à gauche"}],"valueName":"new tables/queries/forms/reports","inputType":"dropdownList","caption":"Orientation par défaut","id":"L_defaultdirection0"}]},"name":"L_Defaultdirection","displayName":"Orientation par défaut","explainText":"Détermine l’orientation du texte de gauche à droite par défaut.","tags":["L_International","L_ApplicationSettings","L_MicrosoftOfficeaccess"],"application":"access16","key":"software\\microsoft\\office\\16.0\\access\\settings"},{"parentCategory":{"ref":"L_International"},"supportedOn":{"ref":"windows:SUPPORTED_Windows7"},"elements":{"items":[{"item":[{"value":{"decimal":{"value":0}},"displayName":"Mode interface"},{"value":{"decimal":{"value":1}},"displayName":"Mode texte"}],"valueName":"general alignment","inputType":"dropdownList","caption":"Alignement standard","id":"L_generalalignment1"}]},"name":"L_GeneralAlignment","displayName":"Alignement standard","explainText":"Détermine l’alignement du texte par défaut.","tags":["L_International","L_ApplicationSettings","L_MicrosoftOfficeaccess"],"application":"access16","key":"software\\microsoft\\office\\16.0\\access\\settings"},{"parentCategory":{"ref":"L_International"},"supportedOn":{"ref":"windows:SUPPORTED_Windows7"},"elements":{"items":[{"item":[{"value":{"decimal":{"value":0}},"displayName":"Logique"},{"value":{"decimal":{"value":1}},"displayName":"Visuel"}],"valueName":"cursor","inputType":"dropdownList","caption":"Déplacement du curseur","id":"L_cursormovement2"}]},"name":"L_Cursormovement","displayName":"Déplacement du curseur","explainText":"Détermine le mode de déplacement du curseur par défaut.","tags":["L_International","L_ApplicationSettings","L_MicrosoftOfficeaccess"],"application":"access16","key":"software\\microsoft\\office\\16.0\\access\\settings"},{"parentCategory":{"ref":"L_General"},"supportedOn":{"ref":"windows:SUPPORTED_Windows7"},"elements":{"items":[{"item":[{"value":{"decimal":{"value":0}},"displayName":"Noir"},{"value":{"decimal":{"value":1}},"displayName":"Rouge foncé"},{"value":{"decimal":{"value":2}},"displayName":"Vert"},{"value":{"decimal":{"value":3}},"displayName":"Vert olive"},{"value":{"decimal":{"value":4}},"displayName":"Bleu foncé"},{"value":{"decimal":{"value":5}},"displayName":"Violet"},{"value":{"decimal":{"value":6}},"displayName":"Gris-bleu"},{"value":{"decimal":{"value":7}},"displayName":"Gris"},{"value":{"decimal":{"value":8}},"displayName":"Argent"},{"value":{"decimal":{"value":9}},"displayName":"Rouge"},{"value":{"decimal":{"value":10}},"displayName":"Vert brillant"},{"value":{"decimal":{"value":11}},"displayName":"Jaune"},{"value":{"decimal":{"value":12}},"displayName":"Bleu"},{"value":{"decimal":{"value":13}},"displayName":"Magenta"},{"value":{"decimal":{"value":14}},"displayName":"Bleu vert"},{"value":{"decimal":{"value":15}},"displayName":"Blanc"}],"valueName":"hyperlinkcolor","inputType":"dropdownList","caption":"Couleur des liens hypertexte","id":"L_hyperlinkcolor3"}]},"name":"L_Hyperlinkcolor","displayName":"Couleur des liens hypertexte","explainText":"Détermine la couleur du texte par défaut pour les liens hypertexte.","tags":["L_General","L_WebOptions","L_ApplicationSettings","L_MicrosoftOfficeaccess"],"application":"access16","key":"software\\microsoft\\office\\16.0\\access\\internet"},{"parentCategory":{"ref":"L_General"},"supportedOn":{"ref":"windows:SUPPORTED_Windows7"},"elements":{"items":[{"item":[{"value":{"decimal":{"value":0}},"displayName":"Noir"},{"value":{"decimal":{"value":1}},"displayName":"Rouge foncé"},{"value":{"decimal":{"value":2}},"displayName":"Vert"},{"value":{"decimal":{"value":3}},"displayName":"Vert olive"},{"value":{"decimal":{"value":4}},"displayName":"Bleu foncé"},{"value":{"decimal":{"value":5}},"displayName":"Violet"},{"value":{"decimal":{"value":6}},"displayName":"Gris-bleu"},{"value":{"decimal":{"value":7}},"displayName":"Gris"},{"value":{"decimal":{"value":8}},"displayName":"Argent"},{"value":{"decimal":{"value":9}},"displayName":"Rouge"},{"value":{"decimal":{"value":10}},"displayName":"Vert brillant"},{"value":{"decimal":{"value":11}},"displayName":"Jaune"},{"value":{"decimal":{"value":12}},"displayName":"Bleu"},{"value":{"decimal":{"value":13}},"displayName":"Magenta"},{"value":{"decimal":{"value":14}},"displayName":"Bleu vert"},{"value":{"decimal":{"value":15}},"displayName":"Blanc"}],"valueName":"followedhyperlinkcolor","inputType":"dropdownList","caption":"Couleur des liens hypertexte visités","id":"L_followedhyperlinkcolor4"}]},"name":"L_Followedhyperlinkcolor","displayName":"Couleur des liens hypertexte visités","explainText":"Détermine la couleur du texte par défaut pour les liens hypertexte visités.","tags":["L_General","L_WebOptions","L_ApplicationSettings","L_MicrosoftOfficeaccess"],"application":"access16","key":"software\\microsoft\\office\\16.0\\access\\internet"},{"parentCategory":{"ref":"L_General"},"supportedOn":{"ref":"windows:SUPPORTED_Windows7"},"enabledValue":{"decimal":{"value":0}},"disabledValue":{"decimal":{"value":1}},"name":"L_Underlinehyperlinks","displayName":"Souligner les liens hypertexte","explainText":"Ce paramètre de stratégie contrôle le soulignement des liens hypertexte dans les tables, les requêtes, les formulaires et les états Access. \n      \nSi vous activez ce paramètre, Access souligne tous les liens hypertexte dans les éléments ci-dessus lors de leur création, et remplace les modifications de configuration sur les ordinateurs des utilisateurs. \n      \nSi vous désactivez ce paramètre, Access ne souligne pas les liens hypertexte dans les tables, les requêtes, les formulaires et les états. \n      \nSi vous ne configurez pas ce paramètre de stratégie, Access souligne les liens hypertexte dans les tables, les requêtes, les formulaires et les états. \n      \nL’activation de ce paramètre de stratégie applique la configuration par défaut dans Access, ce qui évite les problèmes d’utilisation pour la plupart des utilisateurs. Si vous modifiez cette configuration, les utilisateurs peuvent cliquer à leur insu sur des liens hypertexte dangereux, susceptibles de constituer un risque au niveau de la sécurité.","tags":["L_General","L_WebOptions","L_ApplicationSettings","L_MicrosoftOfficeaccess"],"application":"access16","key":"software\\microsoft\\office\\16.0\\access\\internet","valueName":"donotunderlinehyperlinks"},{"parentCategory":{"ref":"L_general5"},"supportedOn":{"ref":"windows:SUPPORTED_Windows7"},"elements":{"items":[{"valueName":"max display","minValue":0,"minValueSpecified":true,"maxValue":50,"maxValueSpecified":true,"inputType":"decimalTextBox","caption":"Nombre d’entrées\u00A0: ","id":"L_Numberofentries"}]},"name":"L_Recentlyusedfilelist","displayName":"Nombre de fichiers dans la liste des derniers fichiers utilisés","explainText":"Ce paramètre de stratégie vous permet de définir le nombre d’entrées affichées dans la liste des derniers fichiers utilisés qui s’affiche quand les utilisateurs cliquent sur Ouvrir, sous l’onglet Fichier en mode Backstage. \n\nSi vous activez ce paramètre de stratégie, vous pouvez spécifier un nombre d’entrées compris entre 0 et 50. Si vous définissez le nombre sur 0, toutes les entrées épinglées et détachées sont masquées.\n\nSi vous désactivez ce paramètre de stratégie ou si vous ne le configurez pas, 25\u00A0éléments au maximum sont affichés dans la liste des derniers fichiers utilisés.\n\nRemarque\u00A0: si vous voulez empêcher l’ajout d’éléments à la liste des derniers fichiers utilisés, vous pouvez activer le paramètre de stratégie Windows «\u00A0Ne pas conserver d’historique des documents récemment ouverts\u00A0».","tags":["L_general5","L_ApplicationSettings","L_MicrosoftOfficeaccess"],"application":"access16","key":"software\\microsoft\\office\\16.0\\access\\file mru"},{"parentCategory":{"ref":"L_general5"},"supportedOn":{"ref":"windows:SUPPORTED_Windows7"},"elements":{"items":[{"valueName":"max display","minValue":0,"minValueSpecified":true,"maxValue":20,"maxValueSpecified":true,"inputType":"decimalTextBox","caption":"Nombre de dossiers\u00A0: ","id":"L_SetNumberOfPlacesInTheRecentPlacesListSpinID"}]},"name":"L_SetNumberOfPlacesInTheRecentPlacesList","displayName":"Nombre de dossiers dans la liste Dossiers récents","explainText":"Ce paramètre de stratégie vous permet de définir le nombre d’entrées détachées qui sont affichées dans la liste Dossiers récents qui apparaît quand les utilisateurs cliquent sur Ouvrir ou sur Enregistrer sous, sous l’onglet Fichier en mode Backstage.\n\nSi vous activez ce paramètre de stratégie, vous pouvez spécifier un nombre d’entrées détachées compris entre 0 et 20. Si vous définissez le nombre sur 0, toutes les entrées épinglées et détachées sont masquées.\n\nSi vous désactivez ce paramètre de stratégie ou si vous ne le configurez pas, 5\u00A0éléments détachés au maximum sont affichés dans la liste Dossiers récents.\n\nRemarque\u00A0: si vous voulez empêcher l’ajout d’éléments à la liste Dossiers récents, vous pouvez activer le paramètre de stratégie Windows «\u00A0Ne pas conserver d’historique des documents récemment ouverts\u00A0».","tags":["L_general5","L_ApplicationSettings","L_MicrosoftOfficeaccess"],"application":"access16","key":"software\\microsoft\\office\\16.0\\access\\place mru"},{"parentCategory":{"ref":"L_general5"},"supportedOn":{"ref":"windows:SUPPORTED_Windows7"},"elements":{"items":[{"valueName":"default database directory","requiredSpecified":false,"expandableSpecified":false,"maxLength":2147483647,"maxLengthSpecified":false,"inputType":"textBox","caption":"Dossier de la base de données par défaut","id":"L_defaultdatabasefolder6"}]},"name":"L_Defaultdatabasefolder","displayName":"Dossier de la base de données par défaut","explainText":"Détermine le dossier de travail par défaut.","tags":["L_general5","L_ApplicationSettings","L_MicrosoftOfficeaccess"],"application":"access16","key":"software\\microsoft\\office\\16.0\\access\\settings"},{"parentCategory":{"ref":"L_Cryptography"},"supportedOn":{"ref":"windows:SUPPORTED_Windows7"},"elements":{"items":[{"valueName":"cipheralgorithm","required":true,"requiredSpecified":true,"expandableSpecified":false,"maxLength":2147483647,"maxLengthSpecified":false,"inputType":"textBox","caption":"Algorithme de chiffrement CNG\u00A0:","id":"L_SetCNGCipherAlgorithmID"}]},"name":"L_SetCNGCipherAlgorithm","displayName":"Définir l’algorithme de chiffrement CNG","explainText":"Ce paramètre de stratégie vous permet de configurer l’algorithme de chiffrement CNG qui est utilisé.\n\nSi vous activez ce paramètre de stratégie, le chiffrement spécifié est utilisé s’il s’agit d’un algorithme pris en charge.\n\nSi vous désactivez ou ne configurez pas ce paramètre de stratégie, AES est utilisé.","tags":["L_Cryptography","L_Security","L_ApplicationSettings","L_MicrosoftOfficeaccess"],"application":"access16","key":"software\\microsoft\\office\\16.0\\access\\security\\crypto"},{"parentCategory":{"ref":"L_Cryptography"},"supportedOn":{"ref":"windows:SUPPORTED_Windows7"},"elements":{"items":[{"item":[{"value":{"string":"ChainingModeCBC"},"displayName":"Chaînage de chiffrement de blocs (CBC, Cipher Block Chaining)"},{"value":{"string":"ChainingModeCFB"},"displayName":"Commentaires de chiffrement  (CFB)"}],"valueName":"cipherchaining","inputType":"dropdownList","id":"L_ConfigureCNGCipherChainingModeDropID"}]},"name":"L_ConfigureCNGCipherChainingMode","displayName":"Configurer le mode de chaînage de chiffrement CNG","explainText":"Ce paramètre de stratégie vous permet de configurer le mode de chaînage de chiffrement utilisé.\n\nSi vous activez ce paramètre de stratégie, le mode de chaînage de chiffrement spécifié est appliqué.\n\nSi vous désactivez ou ne configurez pas ce paramètre de stratégie, le chaînage de chiffrement de blocs (CBC, Cipher Block Chaining) est le mode de chaînage de chiffrement CNG utilisé par défaut.","tags":["L_Cryptography","L_Security","L_ApplicationSettings","L_MicrosoftOfficeaccess"],"application":"access16","key":"software\\microsoft\\office\\16.0\\access\\security\\crypto"},{"parentCategory":{"ref":"L_Cryptography"},"supportedOn":{"ref":"windows:SUPPORTED_Windows7"},"elements":{"items":[{"valueName":"cipherkeybits","minValue":0,"minValueSpecified":true,"maxValue":1000000,"maxValueSpecified":true,"inputType":"decimalTextBox","caption":"Longueur de clé de chiffrement","id":"L_SetCNGCipherKeyLengthSpinID"}]},"name":"L_SetCNGCipherKeyLength","displayName":"Définir la longueur de clé de chiffrement CNG","explainText":"Ce paramètre de stratégie vous permet de configurer le nombre de bits à utiliser lors de la création de la clé de chiffrement. Ce nombre est arrondi à un multiple de 8 directement inférieur.\n\nSi vous activez ce paramètre de stratégie, les bits de clé spécifiés sont utilisés.\n\nSi vous désactivez ou ne configurez pas ce paramètre de stratégie, la valeur par défaut est utilisée.","tags":["L_Cryptography","L_Security","L_ApplicationSettings","L_MicrosoftOfficeaccess"],"application":"access16","key":"software\\microsoft\\office\\16.0\\access\\security\\crypto"},{"parentCategory":{"ref":"L_Cryptography"},"supportedOn":{"ref":"windows:SUPPORTED_Windows7"},"elements":{"items":[{"item":[{"value":{"decimal":{"value":0}},"displayName":"Utiliser le format hérité"},{"value":{"decimal":{"value":1}},"displayName":"Utiliser le format nouvelle génération"},{"value":{"decimal":{"value":2}},"displayName":"Enregistrer fichiers format nouv. génération"}],"valueName":"compatmode","inputType":"dropdownList","id":"L_SpecifyEncryptionCompatibilityDropID"}]},"name":"L_SpecifyEncryptionCompatibility","displayName":"Spécifier la compatibilité de chiffrement","explainText":"Ce paramètre de stratégie vous permet de spécifier la compatibilité de base de données chiffrée.\n\nSi vous activez ce paramètre de stratégie, le format de compatibilité spécifié est appliqué lors du chiffrage des nouveaux fichiers\n- Utiliser le format hérité\n- Utiliser le format nouvelle génération\n- Enregistrer tous les nouveaux fichiers au format nouvelle génération\n\nSi vous désactivez ou ne configurez pas ce paramètre de stratégie, le paramètre par défaut Utiliser le format nouvelle génération est appliqué.","tags":["L_Cryptography","L_Security","L_ApplicationSettings","L_MicrosoftOfficeaccess"],"application":"access16","key":"software\\microsoft\\office\\16.0\\access\\security\\crypto"},{"parentCategory":{"ref":"L_Cryptography"},"supportedOn":{"ref":"windows:SUPPORTED_Windows7"},"elements":{"items":[{"valueName":"context","required":true,"requiredSpecified":true,"expandableSpecified":false,"maxLength":2147483647,"maxLengthSpecified":false,"inputType":"textBox","caption":"Paramètres","id":"L_SetParametersForCNGContextID"}]},"name":"L_SetParametersForCNGContext","displayName":"Définir les paramètres du contexte CNG","explainText":"Ce paramètre de stratégie vous permet de spécifier les paramètres de chiffrement qui doivent être utilisés pour le contexte CNG.\n\nSi vous activez ce paramètre de stratégie, les paramètres spécifiés sont transmis au contexte de CNG.\n\nSi vous désactivez ou ne configurez pas ce paramètre de stratégie, les valeurs CNG par défaut sont utilisés.","tags":["L_Cryptography","L_Security","L_ApplicationSettings","L_MicrosoftOfficeaccess"],"application":"access16","key":"software\\microsoft\\office\\16.0\\access\\security\\crypto"},{"parentCategory":{"ref":"L_Cryptography"},"supportedOn":{"ref":"windows:SUPPORTED_Windows7"},"elements":{"items":[{"item":[{"value":{"string":"SHA1"},"displayName":"SHA1"},{"value":{"string":"SHA256"},"displayName":"SHA256"},{"value":{"string":"SHA384"},"displayName":"SHA384"},{"value":{"string":"SHA512"},"displayName":"SHA512"}],"valueName":"hashalgorithm","inputType":"dropdownList","id":"L_SpecifyCNGHashAlgorithmDropID"}]},"name":"L_SpecifyCNGHashAlgorithm","displayName":"Spécifier l’algorithme de hachage CNG","explainText":"Ce paramètre de stratégie vous permet de spécifier l’algorithme de hachage utilisé.\n\nSi vous activez ce paramètre de stratégie, l’algorithme de hachage sélectionné est utilisé par CNG.\n\nSi vous désactivez ou ne configurez pas ce paramètre de stratégie, l’algorithme de hachage CNG par défaut est utilisé.","tags":["L_Cryptography","L_Security","L_ApplicationSettings","L_MicrosoftOfficeaccess"],"application":"access16","key":"software\\microsoft\\office\\16.0\\access\\security\\crypto"},{"parentCategory":{"ref":"L_Cryptography"},"supportedOn":{"ref":"windows:SUPPORTED_Windows7"},"elements":{"items":[{"valueName":"passwordspincount","minValue":0,"minValueSpecified":true,"maxValue":10000000,"maxValueSpecified":true,"inputType":"decimalTextBox","id":"L_SetCNGPasswordSpinCountSpinID"}]},"name":"L_SetCNGPasswordSpinCount","displayName":"Définir le nombre de rotations de mot de passe CNG","explainText":"Ce paramètre de stratégie vous permet de spécifier le nombre de fois que le vérificateur de mot de passe doit être rehaché.\n\nSi vous activez ce paramètre de stratégie, le nombre spécifié correspond au nombre de fois que le mot de passe sera rehaché.\n\nSi vous désactivez ou ne configurez pas ce paramètre de stratégie, la valeur par défaut (100 000) est utilisée.","tags":["L_Cryptography","L_Security","L_ApplicationSettings","L_MicrosoftOfficeaccess"],"application":"access16","key":"software\\microsoft\\office\\16.0\\access\\security\\crypto"},{"parentCategory":{"ref":"L_Cryptography"},"supportedOn":{"ref":"windows:SUPPORTED_Windows7"},"elements":{"items":[{"valueName":"rngalgorithm","required":true,"requiredSpecified":true,"expandableSpecified":false,"maxLength":2147483647,"maxLengthSpecified":false,"inputType":"textBox","caption":"Générateur de nombres aléatoires\u00A0:","id":"L_SpecifyCNGRandomNumberGeneratorAlgorithmID"}]},"name":"L_SpecifyCNGRandomNumberGeneratorAlgorithm","displayName":"Spécifier l’algorithme du générateur de nombres aléatoires CNG","explainText":"Ce paramètre de stratégie vous permet de configurer le générateur de nombres aléatoires CNG à utiliser.\n\nSi vous activez ce paramètre de stratégie, le générateur de nombres aléatoires spécifié est utilisé.\n\nSi vous désactivez ou ne configurez pas ce paramètre de stratégie, le générateur de nombres aléatoires par défaut est utilisé.","tags":["L_Cryptography","L_Security","L_ApplicationSettings","L_MicrosoftOfficeaccess"],"application":"access16","key":"software\\microsoft\\office\\16.0\\access\\security\\crypto"},{"parentCategory":{"ref":"L_Cryptography"},"supportedOn":{"ref":"windows:SUPPORTED_Windows7"},"elements":{"items":[{"valueName":"saltbytes","minValue":0,"minValueSpecified":true,"maxValue":5000,"maxValueSpecified":true,"inputType":"decimalTextBox","caption":"Nombre d’octets","id":"L_SpecifyCNGSaltLengthSpinID"}]},"name":"L_SpecifyCNGSaltLength","displayName":"Spécifier la longueur de salt CNG","explainText":"Ce paramètre de stratégie vous permet de spécifier le nombre d’octets de salt à utiliser.\n\nSi vous activez ce paramètre de stratégie, les octets spécifiés sont utilisés.\n\nSi vous désactivez ou ne configurez pas ce paramètre de stratégie, la longueur par défaut ou 16 octets sont utilisés.","tags":["L_Cryptography","L_Security","L_ApplicationSettings","L_MicrosoftOfficeaccess"],"application":"access16","key":"software\\microsoft\\office\\16.0\\access\\security\\crypto"},{"parentCategory":{"ref":"L_TrustCenter"},"supportedOn":{"ref":"windows:SUPPORTED_Windows7"},"elements":{"items":[{"valueName":"maxtrusteddocuments","minValue":0,"minValueSpecified":true,"maxValue":20000,"maxValueSpecified":true,"inputType":"decimalTextBox","caption":"Nombre maximal\u00A0:","id":"L_SetMaximumNumberOfTrustedDocumentsSpinID"}]},"name":"L_SetMaximumNumberOfTrustedDocuments","displayName":"Définir le nombre maximal de documents de confiance","explainText":"Ce paramètre de stratégie vous permet de spécifier le nombre maximal d’enregistrements d’approbation pour les documents approuvés pouvant être stockés dans le Registre avant l’exécution de la tâche de vidage. Cette tâche réduit le nombre de documents d’approbation stockés dans le Registre selon la valeur définie par le paramètre de stratégie «\u00A0Définir le nombre maximal d’enregistrements d’approbation à conserver\u00A0».\n\nSi vous activez ce paramètre de stratégie, vous pouvez spécifier le nombre maximal de documents approuvés à stocker dans le Registre avant l’exécution de la tâche de vidage, avec une limite supérieure fixée à 20\u00A0000\u00A0documents. Pour des raisons de performances, nous vous déconseillons de configurer ce paramètre de stratégie sur la limite supérieure.\n\nSi vous désactivez ce paramètre de stratégie ou si vous ne le configurez pas, la valeur par défaut fixée à 500 est utilisée pour le nombre maximal de documents approuvés pouvant être stockés dans le Registre avant l’exécution de la tâche de vidage.","tags":["L_TrustCenter","L_Security","L_ApplicationSettings","L_MicrosoftOfficeaccess"],"application":"access16","key":"software\\microsoft\\office\\16.0\\access\\security\\trusted documents"},{"parentCategory":{"ref":"L_TrustCenter"},"supportedOn":{"ref":"windows:SUPPORTED_Windows7"},"elements":{"items":[{"valueName":"maxpreservetrusteddocuments","minValue":0,"minValueSpecified":true,"maxValue":20000,"maxValueSpecified":true,"inputType":"decimalTextBox","caption":"Nombre maximal à conserver\u00A0:","id":"L_SetMaximumNumberOfTrustRecordsToPreserveSpinID"}]},"name":"L_SetMaximumNumberOfTrustRecordsToPreserve","displayName":"Définir le nombre maximal d’enregistrements de confiance à conserver","explainText":"Ce paramètre de stratégie vous permet de spécifier le nombre maximal d’enregistrements de confiance à conserver lorsque la tâche de vidage détecte que cette application a approuvé un nombre de documents de confiance supérieur à celui défini par le paramètre de stratégie Définir le nombre maximal de documents de confiance.\n\nSi vous activez ce paramètre de stratégie, vous pouvez spécifier le nombre maximal d’enregistrements de confiance, avec une limite supérieure de 20\u00A0000. Pour des raisons de performances, il est déconseillé de définir la limite supérieure.\n\nSi vous désactivez ou ne configurez pas ce paramètre de stratégie, la valeur par défaut de 400 est utilisée.","tags":["L_TrustCenter","L_Security","L_ApplicationSettings","L_MicrosoftOfficeaccess"],"application":"access16","key":"software\\microsoft\\office\\16.0\\access\\security\\trusted documents"},{"parentCategory":{"ref":"L_TrustCenter"},"supportedOn":{"ref":"windows:SUPPORTED_Windows7"},"elements":{"items":[{"item":[{"value":{"decimal":{"value":2}},"displayName":"Désactiver tout avec notification"},{"value":{"decimal":{"value":3}},"displayName":"Désactiver tout, à l’exception des macros signées numériquement"},{"value":{"decimal":{"value":4}},"displayName":"Désactiver tout sans notification"},{"value":{"decimal":{"value":1}},"displayName":"Activer toutes les macros (non recommandé)"}],"valueName":"vbawarnings","inputType":"dropdownList","id":"L_Empty"},{"trueValue":{"decimal":{"value":1}},"falseValue":{"decimal":{"value":0}},"valueName":"vbadigsigtrustedpublishers","key":"software\\microsoft\\office\\16.0\\access\\security","inputType":"checkBox","caption":"Exiger la signature des macros par un éditeur approuvé","id":"L_VBADigSigTrustedPublishersStr"},{"trueValue":{"decimal":{"value":1}},"falseValue":{"decimal":{"value":0}},"valueName":"vbarequirelmtrustedpublisher","key":"software\\microsoft\\office\\16.0\\access\\security","inputType":"checkBox","caption":"Bloquer les certificats des éditeurs approuvés qui sont uniquement installés dans le magasin de certificats de l’utilisateur actuel","id":"L_VBAOnlyAllowLMTrustedPublisherStr"},{"trueValue":{"decimal":{"value":1}},"falseValue":{"decimal":{"value":0}},"valueName":"vbarequiredigsigwithcodesigningeku","key":"software\\microsoft\\office\\16.0\\access\\security","inputType":"checkBox","caption":"Exiger Utilisation améliorée de la clé (EKU) pour les certificats d’éditeurs approuvés","id":"L_VBAOnlyAllowDigSigWithCodeSigningEKUStr"}]},"name":"L_VBAWarningsPolicy","displayName":"Paramètres de notification de macro VBA","explainText":"Ce paramètre de stratégie contrôle la a manière dont les applications spécifiées avertissent les utilisateurs lorsque des macros VBA (Visual Basic pour Applications) sont présentes.\n\nSi vous activez ce paramètre de stratégie, vous disposez de quatre options pour déterminer comment les applications spécifiées préviendront l'utilisateur de la présence de macros :\n \n : Désactiver tout avec notification: l’application affiche la barre de confiance pour toutes les macros, signées ou non. Cette option applique la configuration par défaut d’Office.\n \n : Désactiver tout sauf les macros signées numériquement: l’application affiche la barre de confiance pour les macros signées numériquement, et permet aux utilisateurs de les activer ou de les laisser désactivées. Les macros non signées sont désactivées et les utilisateurs ne reçoivent pas de notification.\n \n : Désactiver tout sans notification: l’application désactive toutes les macros, signées ou non, et les utilisateurs ne reçoivent pas de notification.\n \n : Activer toutes les macros (non recommandé): toutes les macros, signées ou non, sont activées. Cette option peut réduire la sécurité de manière significative en permettant l’exécution non détectée de code dangereux.\n \nSi vous désactivez ce paramètre de stratégie, le paramètre par défaut est « Désactiver tout avec notification ».\n \nSi vous ne configurez pas ce paramètre de stratégie, lors de l’ouverture de fichiers contenant des macros VBA dans des applications spécifiées, les macros sont désactivées, et la barre de confiance inclut un avertissement indiquant que les macros présentes ont été désactivées. Les utilisateurs peuvent inspecter et modifier les fichiers le cas échéant, mais ne peuvent pas utiliser les fonctionnalités désactivées. Celles-ci peuvent être activées en cliquant sur «Activer le contenu» dans la barre de confidentialité. Si l’utilisateur clique sur «Activer le contenu», le document est ajouté en tant que document approuvé.\n \nSi vous sélectionnez «Désactiver tout sauf les macros signées numériquement», nous vous recommandons de sélectionner également la case à cocher «Exiger la signature des macros par un éditeur approuvé» pour optimiser la sécurité.\n\nSi vous activez la case à cocher «Exiger la signature des macros par un éditeur approuvé», les utilisateurs ouvrant des fichiers à l’aide de macros signées numériquement, et non pas un éditeur approuvé, recevront une notification indiquant que l’exécution des macros est bloquée. Il existe également deux cases à cocher supplémentaires que nous vous recommandons de sélectionner pour optimiser la sécurité.\n\n : Bloquer les certificats des éditeurs approuvés qui sont installés dans le magasin de certificats de l’utilisateur actuel\n\n : Exiger l’Utilisation améliorée de la clé (EKU) pour les certificats des éditeurs approuvés\n\nRemarque: ces deux cases à cocher s’appliquent uniquement si vous avez sélectionné la case « Exiger la signature des macros par un éditeur approuvé »\n\nRemarque : les trois cases à cocher s'appliquent uniquement aux versions 2012 et ultérieures Office et Visio. Elles ne s'appliquent pas à Office 2016 ou Office 2019.\n\nSi vous sélectionnez « Bloquer les certificats des éditeurs approuvés installés dans le magasin de certificats de l’ordinateur local », les macros ne s’exécutent pas si le certificat de l’éditeur approuvé est installé dans le magasin de certificats de l’utilisateur actuel. Le certificat doit être installé dans le magasin de certificats de l’ordinateur local pour que la macro s’exécute. Seuls les comptes disposant d’un accès administrateur sur l’ordinateur peuvent effectuer l’installation d’un certificat dans le magasin de certificats de l’ordinateur local.\n\nSi vous sélectionnez la case à cocher « Exiger l’Utilisation améliorée de la clé (EKU) pour les certificats d’éditeurs approuvés », le certificat EKU doit inclure la « Signature de code » en tant que l’une des utilisations du certificat.\n\nImportant\u00A0: si l’option « Désactiver tout sauf les macros signées numériquement » est activée, les utilisateurs ne peuvent pas ouvrir les bases de données Access non signées.\n \nEn outre, Microsoft Office enregistre les certificats des éditeurs approuvés dans la banque des éditeurs approuvés d’Internet Explorer. Dans les versions précédentes de Microsoft Office, les informations relatives aux certificats des éditeurs approuvés (notamment, les empreintes de certificat) étaient enregistrées dans une banque d’éditeurs approuvés spéciale. Microsoft Office lit ces informations dans la banque d’éditeurs approuvés Office mais n’écrit aucune information dans cette banque.\n \nSi vous avez créé une liste des éditeurs approuvés dans une version précédente de Microsoft Office et effectué une mise à niveau vers Office, cette liste est toujours reconnue. Toutefois, les certificats d’éditeurs approuvés ajoutés à la liste sont enregistrés dans la banque des éditeurs approuvés d’Internet Explorer.","tags":["L_TrustCenter","L_Security","L_ApplicationSettings","L_MicrosoftOfficeaccess"],"application":"access16","key":"software\\microsoft\\office\\16.0\\access\\security"},{"parentCategory":{"ref":"L_TrustCenter"},"supportedOn":{"ref":"windows:SUPPORTED_Windows7"},"enabledValue":{"decimal":{"value":1}},"disabledValue":{"decimal":{"value":0}},"name":"L_BlockMacroExecutionFromInternet","displayName":"Bloquer l’exécution des macros dans les fichiers Office provenant d’Internet","explainText":"\n        Ce paramètre de stratégie vous permet d’empêcher l’exécution de macros dans des fichiers Office provenant d’Internet.\n\n        Si vous activez ce paramètre de stratégie, l’exécution des macros est bloquée, même si «\u00A0Activer toutes les macros\u00A0» est sélectionné dans la section Paramètres des macros du Centre de gestion de la confidentialité. Les utilisateurs recevront une notification indiquant que l’exécution des macros est bloquée.\n\n        Les exceptions lorsque les macros sont autorisées à s’exécuter sont les suivantes\u00A0:\n        – Le fichier Office est enregistré dans un emplacement approuvé.\n        – Le fichier Office a été précédemment approuvé par l’utilisateur.\n        – Les macros sont signées numériquement et le certificat d’éditeur approuvé correspondant est installé sur l’appareil.\n\n        Si vous désactivez ce paramètre de stratégie, les paramètres configurés dans la section Paramètres de macro du Centre de gestion de la confidentialité déterminent si les macros s’exécutent dans des fichiers Office provenant d’Internet.\n\n        Si vous ne configurez pas ce paramètre de stratégie, l’exécution des macros sera bloquée. Les utilisateurs recevront une notification leur indiquant les risques de sécurité des macros à partir d’Internet, ainsi qu’un lien pour en savoir plus.\n\n        Pour plus d’informations, consultez https://go.microsoft.com/fwlink/p/?linkid=2185771.\n      ","tags":["L_TrustCenter","L_Security","L_ApplicationSettings","L_MicrosoftOfficeaccess"],"application":"access16","key":"software\\microsoft\\office\\16.0\\access\\security","valueName":"blockcontentexecutionfrominternet"},{"parentCategory":{"ref":"L_TrustCenter"},"supportedOn":{"ref":"windows:SUPPORTED_Windows7"},"enabledValue":{"decimal":{"value":1}},"disabledValue":{"decimal":{"value":0}},"name":"L_TurnOffTrustedDocumentsOnTheNetwork","displayName":"Désactiver les documents de confiance sur le réseau","explainText":"Ce paramètre de stratégie vous permet de désactiver la fonctionnalité de documents de confiance pour les documents ouverts à partir du réseau.\n\nSi vous activez ce paramètre de stratégie, les notifications relatives à la sécurité pour le contenu actif comme les macros, les contrôles ActiveX, les connexions de données, etc., sont toujours affichées pour les documents ouverts à partir du réseau.\n\nSi vous désactivez ou ne configurez pas ce paramètre de stratégie, la fonctionnalité de documents de confiance permet aux utilisateurs de toujours autoriser le contenu actif comme les macros, les contrôles ActiveX, les connexions de données, etc., dans les documents afin qu’ils ne reçoivent plus d’invite à la prochaine ouverture des documents. Les documents de confiance sont exempts de notifications relatives à la sécurité.","tags":["L_TrustCenter","L_Security","L_ApplicationSettings","L_MicrosoftOfficeaccess"],"application":"access16","key":"software\\microsoft\\office\\16.0\\access\\security\\trusted documents","valueName":"disablenetworktrusteddocuments"},{"parentCategory":{"ref":"L_TrustCenter"},"supportedOn":{"ref":"windows:SUPPORTED_Windows7"},"enabledValue":{"decimal":{"value":1}},"disabledValue":{"decimal":{"value":0}},"name":"L_Disableallapplicationextensions","displayName":"Désactiver tous les compléments d’applications","explainText":"Ce paramètre de stratégie désactive tous les compléments associés aux applications Office\u00A02016 spécifiées.\n\nSi vous activez ce paramètre de stratégie, tous les compléments associés aux applications Office\u00A02016 spécifiées sont désactivés.\n\nSi vous le désactivez ou si vous ne le configurez pas, l’exécution des compléments associés aux applications Office\u00A02016 spécifiées est autorisée, sans envoyer de notification aux utilisateurs.","tags":["L_TrustCenter","L_Security","L_ApplicationSettings","L_MicrosoftOfficeaccess"],"application":"access16","key":"software\\microsoft\\office\\16.0\\access\\security","valueName":"disablealladdins"},{"parentCategory":{"ref":"L_TrustCenter"},"supportedOn":{"ref":"windows:SUPPORTED_Windows7"},"enabledValue":{"decimal":{"value":1}},"disabledValue":{"decimal":{"value":0}},"name":"L_RequirethatApplicationExtensionsaresigned","displayName":"Exiger la signature des compléments d’applications par un éditeur approuvé","explainText":"Ce paramètre de stratégie contrôle la signature numérique des compléments par un éditeur approuvé pour l’application spécifiée.\n \nSi vous activez ce paramètre de stratégie, l’application vérifie la signature numérique de chaque complément avant de le charger. Si un complément n’a pas de signature numérique, ou si la signature ne provient pas d’un éditeur approuvé, l’application désactive le complément et en informe l’utilisateur. Des certificats doivent être ajoutés à la liste des éditeurs approuvés si les compléments doivent être signés par un éditeur approuvé. Pour plus d’informations sur l’obtention et la distribution de certificats, consultez la page http://go.microsoft.com/fwlink/?LinkId=294922. Office\u00A02016 enregistre les certificats des éditeurs approuvés dans la banque d’éditeurs approuvés d’Internet Explorer. Dans les versions précédentes de Microsoft Office, les informations relatives aux certificats des éditeurs approuvés (notamment, les empreintes de certificats) étaient enregistrées dans une banque d’éditeurs approuvés spéciale d’Office. Office\u00A02016 lit encore ces informations dans la banque d’éditeurs approuvés d’Office, mais n’y écrit plus aucune information. Si vous avez créé une liste des éditeurs approuvés dans une version précédente d’Office et effectué une mise à niveau vers Office\u00A02016, cette liste est toujours reconnue. En revanche, les certificats d’éditeurs approuvés qui ont été ajoutés à la liste sont enregistrés dans la banque d’éditeurs approuvés d’Internet Explorer. Pour obtenir plus d’informations sur les éditeurs approuvés, consultez le Kit de ressources d’Office.\n\nSi vous désactivez ce paramètre de stratégie ou si vous ne le configurez pas, l’application ne vérifie pas la signature numérique des compléments d’applications avant de les ouvrir. Le chargement d’un complément dangereux peut endommager les ordinateurs des utilisateurs ou compromettre la sécurité des données.","tags":["L_TrustCenter","L_Security","L_ApplicationSettings","L_MicrosoftOfficeaccess"],"application":"access16","key":"software\\microsoft\\office\\16.0\\access\\security","valueName":"requireaddinsig"},{"parentCategory":{"ref":"L_TrustCenter"},"supportedOn":{"ref":"windows:SUPPORTED_Windows7"},"enabledValue":{"decimal":{"value":1}},"disabledValue":{"decimal":{"value":0}},"name":"L_DisableTrustBarNotificationforunsigned","displayName":"Désactiver la notification de la barre de confidentialité pour les compléments d’applications non signés et les bloquer","explainText":"Ce paramètre de stratégie détermine si l’application Office spécifiée envoie une notification à l’utilisateur lors du chargement des compléments d’applications non signés, ou désactive ces compléments en mode silencieux sans notification. Ce paramètre de stratégie s’applique uniquement si vous activez le paramètre de stratégie «\u00A0Exiger la signature des compléments d’applications par un éditeur approuvé\u00A0», qui empêche la modification de ce paramètre de stratégie par l’utilisateur.\n  \nSi vous activez ce paramètre de stratégie, les applications désactivent automatiquement les compléments non signés sans en informer l’utilisateur.\n\nSi vous désactivez ce paramètre de stratégie, si la configuration de l’application exige la signature des compléments par un éditeur approuvé, les compléments non signés chargés par l’application sont désactivés et l’application affiche la barre de confidentialité en haut de la fenêtre active. La barre de confidentialité contient un message d’information relatif au complément non signé.\n\nSi vous ne configurez pas ce paramètre de stratégie, cela revient à le désactiver, et les utilisateurs peuvent en outre configurer cette condition dans la catégorie Compléments du Centre de gestion de la confidentialité pour l’application.","tags":["L_TrustCenter","L_Security","L_ApplicationSettings","L_MicrosoftOfficeaccess"],"application":"access16","key":"software\\microsoft\\office\\16.0\\access\\security","valueName":"notbpromptunsignedaddin"},{"parentCategory":{"ref":"L_TrustCenter"},"supportedOn":{"ref":"windows:SUPPORTED_Windows7"},"enabledValue":{"decimal":{"value":1}},"disabledValue":{"decimal":{"value":0}},"name":"L_TurnOffTrustedDocuments","displayName":"Désactiver les documents approuvés","explainText":"Ce paramètre de stratégie permet de désactiver la fonctionnalité des documents approuvés. Grâce à celle-ci, les utilisateurs peuvent toujours activer le contenu actif dans des documents (tels que des macros, des contrôles ActiveX, des connexions de données, etc.) afin de ne pas recevoir d’invite lors de la prochaine ouverture des documents. Les documents approuvés sont en effet exempts de notification de sécurité.\n\nSi vous activez ce paramètre de stratégie, vous désactivez la fonctionnalité des documents approuvés. Les utilisateurs recevront une invite de sécurité chaque fois qu’ils ouvriront un document avec contenu actif.\n\nSi vous désactivez ou ne configurez pas ce paramètre de stratégie, les documents seront approuvés lorsque les utilisateurs activeront le contenu d’un document, et ceux-ci ne recevront pas d’invite de sécurité.","tags":["L_TrustCenter","L_Security","L_ApplicationSettings","L_MicrosoftOfficeaccess"],"application":"access16","key":"software\\microsoft\\office\\16.0\\access\\security\\trusted documents","valueName":"disabletrusteddocuments"},{"parentCategory":{"ref":"L_TrustedLocations"},"supportedOn":{"ref":"windows:SUPPORTED_Windows7"},"enabledValue":{"decimal":{"value":1}},"disabledValue":{"decimal":{"value":0}},"name":"L_AllowTrustedLocationsOnTheNetwork","displayName":"Autoriser les emplacements approuvés sur le réseau","explainText":"Ce paramètre de stratégie contrôle l’utilisation ou non des emplacements approuvés sur le réseau.\n      \nSi vous activez ce paramètre de stratégie, les utilisateurs peuvent spécifier des emplacements approuvés sur des partages réseau ou à d’autres emplacements distants qu’ils ne contrôlent pas directement en activant la case à cocher Autoriser les emplacements approuvés sur mon réseau (non autorisé) de la section Emplacements approuvés du Centre de gestion de la confidentialité. Le contenu, le code et les compléments peuvent être chargés à partir des emplacements approuvés avec une sécurité minimale et sans demander d’autorisation à l’utilisateur.\n\nSi vous désactivez ou ne configurez pas ce paramètre de stratégie, l’application sélectionnée ignore les emplacements réseau répertoriés dans la section Emplacements approuvés du Centre de gestion de la confidentialité. La désactivation de ce paramètre de stratégie n’entraîne pas la suppression des emplacements réseau de la liste Emplacements approuvés\u00A0; elle force l’application sélectionnée à traiter les emplacements comme s’ils n’étaient pas approuvés et empêche les utilisateurs d’ajouter de nouveaux emplacements réseau à la liste.\n\nSi vous déployez également les emplacements approuvés via la stratégie de groupe, vous devez vérifier s’ils correspondent à des emplacements distants. Si c’est le cas et si vous n’autorisez pas d’emplacements distants via ce paramètre de stratégie, les clés de la stratégie qui pointent vers les emplacements distants sont ignorées sur les ordinateurs clients.\n\nLa désactivation de ce paramètre de stratégie entraîne des problèmes d’utilisation pour les utilisateurs ajoutant des emplacements réseau à la liste Emplacements approuvés. Il n’est toutefois pas recommandé d’activer ce paramètre de stratégie (comme l’indique la case à cocher Autoriser les emplacements approuvés sur mon réseau (non recommandé)). Par conséquent, dans la pratique, il doit être possible de le désactiver dans la plupart des cas sans entraîner de problèmes d’utilisation significatifs pour la majorité des utilisateurs.\n","tags":["L_TrustedLocations","L_TrustCenter","L_Security","L_ApplicationSettings","L_MicrosoftOfficeaccess"],"application":"access16","key":"software\\microsoft\\office\\16.0\\access\\security\\trusted locations","valueName":"allownetworklocations"},{"parentCategory":{"ref":"L_TrustedLocations"},"supportedOn":{"ref":"windows:SUPPORTED_Windows7"},"enabledValue":{"decimal":{"value":1}},"disabledValue":{"decimal":{"value":0}},"name":"L_DisableTrustedLoc","displayName":"Désactiver tous les emplacements approuvés","explainText":"Ce paramètre de stratégie permet aux administrateurs de désactiver tous les emplacements approuvés dans les applications spécifiées. Les emplacements approuvés spécifiés dans le Centre de gestion de la confidentialité sont utilisés pour définir les emplacements supposés fiables. Le chargement du contenu, du code et des compléments est autorisé à partir des emplacements approuvés avec une sécurité minimale, sans demander l’autorisation des utilisateurs. Si un fichier dangereux est ouvert à partir d’un emplacement approuvé, il n’est pas soumis aux mesures de sécurité standard, et peut endommager les ordinateurs et les données des utilisateurs.\n      \nSi vous activez ce paramètre de stratégie, les emplacements approuvés (spécifiés dans le Centre de gestion de la confidentialité) dans les applications spécifiées sont ignorés, y compris les emplacements approuvés créés par Office\u00A02016 lors de l’installation, déployés vers les utilisateurs à l’aide d’une stratégie de groupe, ou ajoutés par les utilisateurs. Une invite s’affiche à nouveau lors de l’ouverture de fichiers à partir des emplacements approuvés.\n\nSi vous désactivez ce paramètre de stratégie ou si vous ne le configurez pas, les emplacements approuvés (spécifiés dans le Centre de gestion de la confidentialité) dans les applications spécifiées sont supposés fiables.","tags":["L_TrustedLocations","L_TrustCenter","L_Security","L_ApplicationSettings","L_MicrosoftOfficeaccess"],"application":"access16","key":"software\\microsoft\\office\\16.0\\access\\security\\trusted locations","valueName":"alllocationsdisabled"},{"parentCategory":{"ref":"L_Miscellaneous"},"supportedOn":{"ref":"windows:SUPPORTED_Windows7"},"elements":{"items":[{"item":[{"value":{"decimal":{"value":12}},"displayName":"Access 2007"},{"value":{"decimal":{"value":10}},"displayName":"Access 2002-2003"},{"value":{"decimal":{"value":9}},"displayName":"Access 2000"}],"valueName":"default file format","inputType":"dropdownList","id":"L_empty87"}]},"name":"L_DefaultFileFormat","displayName":"Format de fichier par défaut","explainText":"Ce paramètre de stratégie contrôle la création de fichiers de base de données au nouveau format Access ou dans un format utilisé par les versions précédentes d’Access.\n   \nSi vous activez ce paramètre de stratégie, vous pouvez spécifier que les fichiers de base de données soient créés au format Access\u00A02016 par défaut ou au format Access\u00A02002-2003. Les utilisateurs peuvent toujours remplacer la valeur par défaut et sélectionner un format spécifique lors de l’enregistrement des fichiers. En revanche, ils ne peuvent pas définir la valeur par défaut dans la boîte de dialogue Options Access.\n   \nSi vous désactivez ce paramètre de stratégie ou si vous ne le configurez pas, quand les utilisateurs créent des fichiers de base de données, Access les enregistre au nouveau format Access\u00A02016. Les utilisateurs peuvent modifier cette fonctionnalité en sélectionnant un format de fichier dans la liste déroulante Format de fichier par défaut sous Options Access | Standard | Création de bases de données. Notez que si vous désactivez ce paramètre de stratégie, les utilisateurs ont le choix entre trois formats de fichiers par défaut\u00A0: Access\u00A02000, Access\u00A02002-2003 et Access\u00A02016. Vous pouvez utiliser ce paramètre de stratégie pour spécifier le format Access\u00A02002-2003 ou Access\u00A02016 comme valeur par défaut, mais pas le format Access\u00A02000.","tags":["L_Miscellaneous","L_MicrosoftOfficeaccess"],"application":"access16","key":"software\\microsoft\\office\\16.0\\access\\settings"},{"parentCategory":{"ref":"L_Miscellaneous"},"supportedOn":{"ref":"windows:SUPPORTED_Windows7"},"enabledValue":{"decimal":{"value":1}},"disabledValue":{"decimal":{"value":0}},"name":"L_Donotprompttoconvertolderdatabases","displayName":"Ne pas demander de convertir les anciennes bases de données","explainText":"Ce paramètre de stratégie contrôle l’envoi par Access d’une invite qui permet de convertir les bases de données anciennes dès leur ouverture. \n      \nSi vous activez ce paramètre, Access conserve les bases de données au format Access 97, et l’utilisateur est informé qu’elles sont dans un format ancien sans toutefois pouvoir les convertir. Certaines fonctions incluses dans les versions récentes d’Access ne sont pas disponibles, et l’utilisateur ne peut pas modifier la structure de la base de données. \n      \nSi vous désactivez ou ne configurez pas ce paramètre, lors de l’ouverture des bases de données créées au format Access 97, Access propose de les convertir dans un format récent. Les utilisateurs peuvent choisir de les convertir ou de conserver l’ancien format.","tags":["L_Miscellaneous","L_MicrosoftOfficeaccess"],"application":"access16","key":"software\\microsoft\\office\\16.0\\access\\settings","valueName":"noconvertdialog"},{"parentCategory":{"ref":"L_Miscellaneous"},"supportedOn":{"ref":"windows:SUPPORTED_Windows7"},"enabledValue":{"decimal":{"value":1}},"disabledValue":{"decimal":{"value":0}},"name":"L_2007CompatibleCachePolicy","displayName":"Utiliser un cache compatible Access 2007","explainText":"Ce paramètre de stratégie vous permet de forcer les bases de données nouvelles et existantes à utiliser un cache compatible Access 2007.\n\nSi vous activez ce paramètre de stratégie, les bases de données nouvelles et existantes utilisent un cache compatible avec Access 2007.\n\nSi vous désactivez ou ne configurez pas ce paramètre de stratégie, les nouvelles bases de données utilisent par défaut un cache non compatible avec Access 2007. Les bases de données existantes utilisent le mode de cache avec lequel elles ont été créées.\n","tags":["L_Miscellaneous","L_MicrosoftOfficeaccess"],"application":"access16","key":"software\\microsoft\\office\\16.0\\access\\settings","valueName":"use2007compatiblecache"},{"parentCategory":{"ref":"L_Miscellaneous"},"supportedOn":{"ref":"windows:SUPPORTED_Windows7"},"enabledValue":{"decimal":{"value":1}},"disabledValue":{"decimal":{"value":0}},"name":"L_ClearCacheOnClosePolicy","displayName":"Vider le cache à la fermeture","explainText":"Ce paramètre de stratégie vous permet de forcer la purge du cache des bases de données qui ne sont pas compatibles avec Access\u00A02016 lors de leur fermeture.\n\nSi vous activez ce paramètre de stratégie, tout lien Microsoft SharePoint ou catalogue de données métiers mis en cache est supprimé à la fermeture des bases de données qui n’utilisent pas une mise en cache compatible Access\u00A02016. Si la base de données utilise la mise en cache compatible Access\u00A02016, ce paramètre de stratégie n’a aucun effet.\n\nSi vous désactivez ce paramètre de stratégie ou si vous ne le configurez pas, aucun lien Microsoft SharePoint ou catalogue de données métiers mis en cache n’est supprimé à la fermeture des bases de données qui n’utilisent pas la mise en cache compatible Access\u00A02016. Si la base de données utilise la mise en cache compatible Access\u00A02016, ce paramètre de stratégie n’a aucun effet.","tags":["L_Miscellaneous","L_MicrosoftOfficeaccess"],"application":"access16","key":"software\\microsoft\\office\\16.0\\access\\settings","valueName":"clearcacheonclose"},{"parentCategory":{"ref":"L_Miscellaneous"},"supportedOn":{"ref":"windows:SUPPORTED_Windows7"},"enabledValue":{"decimal":{"value":1}},"disabledValue":{"decimal":{"value":0}},"name":"L_NeverCachePolicy","displayName":"Ne jamais mettre les données en cache","explainText":"Ce paramètre de stratégie vous permet d’empêcher les bases de données qui n’utilisent pas la mise en cache compatible Access\u00A02016 de mettre des données en cache.\n\nSi vous activez ce paramètre de stratégie, les données de Microsoft SharePoint ou du catalogue de données métiers ne sont pas mises en cache pour les bases de données n’utilisant pas la mise en cache compatible Access\u00A02016. Si la base de données utilise la mise en cache compatible Access\u00A02016, ce paramètre de stratégie n’a aucun effet.\n\nSi vous désactivez ce paramètre de stratégie ou si vous ne le configurez pas, les données de Microsoft SharePoint ou du catalogue de données métiers sont mises en cache pour les bases de données qui n’utilisent pas la mise en cache compatible Access\u00A02016. Si la base de données utilise la mise en cache compatible Access\u00A02016, ce paramètre de stratégie n’a aucun effet.","tags":["L_Miscellaneous","L_MicrosoftOfficeaccess"],"application":"access16","key":"software\\microsoft\\office\\16.0\\access\\settings","valueName":"nevercache"},{"parentCategory":{"ref":"L_Miscellaneous"},"supportedOn":{"ref":"windows:SUPPORTED_Windows7"},"elements":{"items":[{"valueName":"personaltemplatesaccess","requiredSpecified":false,"expandable":true,"expandableSpecified":true,"maxLength":2147483647,"maxLengthSpecified":false,"inputType":"textBox","caption":"Chemin d’accès des modèles personnels","id":"L_PersonalTemplatesPath"}]},"name":"L_PersonalTemplatesPath","displayName":"Chemin d’accès des modèles personnels pour Access","explainText":"Ce paramètre de stratégie indique l’emplacement des modèles personnels d’un utilisateur. \n\nSi vous l’activez, les utilisateurs voient tous les modèles enregistrés dans l’emplacement spécifié sous l’onglet Modèles personnalisés de l’écran de démarrage d’Office et dans Fichier | Nouveau. En outre, lors de l’enregistrement d’un modèle, leur dossier par défaut devient l’emplacement spécifié. \n\nSi vous le désactivez ou ne le configurez pas, les utilisateurs ne voient pas les modèles enregistrés sous l’onglet Modèles personnalisés de l’écran de démarrage d’Office et dans Fichier | Nouveau. En outre, lors de l’enregistrement d’un modèle, leur dossier par défaut est leur emplacement d’enregistrement de documents.","tags":["L_Miscellaneous","L_MicrosoftOfficeaccess"],"application":"access16","key":"software\\microsoft\\office\\16.0\\access\\settings"},{"parentCategory":{"ref":"L_Miscellaneous"},"supportedOn":{"ref":"windows:SUPPORTED_Windows7"},"enabledValue":{"decimal":{"value":1}},"disabledValue":{"decimal":{"value":0}},"name":"L_DefaultCustomTab","displayName":"Afficher l’onglet Modèles personnalisés par défaut dans Access sur l’écran de démarrage d’Office et dans Fichier | Nouveau","explainText":"Ce paramètre de stratégie contrôle l’affichage des modèles personnalisés (lorsqu’ils existent) comme onglet par défaut dans Access sur l’écran de démarrage d’Office et dans Fichier | Nouveau. \n\nSi vous l’activez, les utilisateurs voient l’onglet Modèles personnalisés comme onglet par défaut dans Access sur l’écran de démarrage d’Office et dans Fichier | Nouveau lorsque les modèles existent (il peut s’agir de modèles programmés XML personnalisés, de modèles figurant dans le chemin d’accès des modèles du groupe de travail, de modèles figurant dans le chemin d’accès des modèles personnels, ou de modèles SharePoint).\n\nSi vous le désactivez ou ne le configurez pas, les utilisateurs voient l’onglet Modèles proposé comme onglet par défaut dans Access sur l’écran de démarrage d’Office et dans Fichier | Nouveau, sauf si tous les modèles fournis par Office ont été désactivés.","tags":["L_Miscellaneous","L_MicrosoftOfficeaccess"],"application":"access16","key":"software\\microsoft\\office\\16.0\\access\\settings","valueName":"officestartdefaulttab"},{"parentCategory":{"ref":"L_Advanced"},"supportedOn":{"ref":"windows:SUPPORTED_Windows7"},"enabledList":[{"value":{"string":"true"},"valueName":"Microsoft.Office.UXPlatform.FluentSVRefresh"},{"value":{"string":"true"},"valueName":"Microsoft.Office.UXPlatform.RibbonTouchOptimization"},{"value":{"string":"true"},"valueName":"Microsoft.Office.UXPlatform.FluentSVRibbonOptionsMenu"}],"disabledList":[{"value":{"string":"false"},"valueName":"Microsoft.Office.UXPlatform.FluentSVRefresh"},{"value":{"string":"false"},"valueName":"Microsoft.Office.UXPlatform.RibbonTouchOptimization"},{"value":{"string":"false"},"valueName":"Microsoft.Office.UXPlatform.FluentSVRibbonOptionsMenu"}],"name":"L_accessVisualRefresh","displayName":"Paramètres de rafraîchissement visuel","explainText":"Activer ou désactiver le rafraîchissement visuel. Peut ne pas fonctionner pour certaines versions d'Office.\n\nDonnées fournies par Office Tool Plus.","tags":["L_Advanced"],"application":"access16","key":"Software\\Microsoft\\Office\\16.0\\Common\\ExperimentConfigs\\ExternalFeatureOverrides\\access"}]}