{"categories":[{"name":"L_MicrosoftOfficeOneNote","displayName":"Microsoft OneNote 2016"},{"parentCategory":{"ref":"L_MicrosoftOfficeOneNote"},"name":"L_OneNoteOptions","displayName":"Opciones de OneNote"},{"parentCategory":{"ref":"L_OneNoteOptions"},"name":"L_Display","displayName":"Mostrar"},{"parentCategory":{"ref":"L_OneNoteOptions"},"name":"L_Editing","displayName":"Modificación"},{"parentCategory":{"ref":"L_OneNoteOptions"},"name":"L_Pen","displayName":"Pluma"},{"parentCategory":{"ref":"L_OneNoteOptions"},"name":"L_Email","displayName":"Correo electrónico"},{"parentCategory":{"ref":"L_OneNoteOptions"},"name":"L_Security","displayName":"Seguridad"},{"parentCategory":{"ref":"L_Security"},"name":"L_Cryptography","displayName":"Criptografía"},{"parentCategory":{"ref":"L_OneNoteOptions"},"name":"L_NoteFlags","displayName":"Marcas de anotación"},{"parentCategory":{"ref":"L_OneNoteOptions"},"name":"L_AudioandVideo","displayName":"Audio y vídeo"},{"parentCategory":{"ref":"L_OneNoteOptions"},"name":"L_Save","displayName":"Guardar"},{"parentCategory":{"ref":"L_OneNoteOptions"},"name":"L_Password","displayName":"Contraseña"},{"parentCategory":{"ref":"L_OneNoteOptions"},"name":"L_Backup","displayName":"Copia de seguridad"},{"parentCategory":{"ref":"L_OneNoteOptions"},"name":"L_SendToOneNote","displayName":"Enviar a OneNote"},{"parentCategory":{"ref":"L_OneNoteOptions"},"name":"L_Addins","displayName":"Complementos"},{"parentCategory":{"ref":"L_OneNoteOptions"},"name":"L_Spelling","displayName":"Ortografía"},{"parentCategory":{"ref":"L_OneNoteOptions"},"name":"L_VersionsAndRecyleBin","displayName":"Versiones y papelera de reciclaje"},{"parentCategory":{"ref":"L_OneNoteOptions"},"name":"L_Other","displayName":"Otro"}],"policies":[{"parentCategory":{"ref":"L_Display"},"supportedOn":{"ref":"windows:SUPPORTED_Windows7"},"elements":{"items":[{"item":[{"value":{"decimal":{"value":0}},"displayName":"Derecha"},{"value":{"decimal":{"value":1}},"displayName":"Izquierda"}],"valueName":"pagetabsonleft","inputType":"dropdownList","caption":"Especificar la ubicación del control de pestaña de la página:","id":"L_Specifylocationofthepagetabcontrol"}]},"name":"L_Pagetabsappearontheleft","displayName":"Fichas de página a la izquierda","explainText":"Derecha: desactiva la opción ''Fichas de página a la izquierda''. | Izquierda: activa la opción ''Fichas de página a la izquierda''.","tags":["L_Display","L_OneNoteOptions","L_MicrosoftOfficeOneNote"],"application":"onent16","key":"software\\microsoft\\office\\16.0\\onenote\\options\\other"},{"parentCategory":{"ref":"L_Display"},"supportedOn":{"ref":"windows:SUPPORTED_Windows7"},"enabledValue":{"decimal":{"value":1}},"disabledValue":{"decimal":{"value":0}},"name":"L_Verticalscrollbarappearsonleft","displayName":"Barra de desplazamiento vertical a la izquierda","explainText":"Activa o desactiva la opción correspondiente de la interfaz de usuario.","tags":["L_Display","L_OneNoteOptions","L_MicrosoftOfficeOneNote"],"application":"onent16","key":"software\\microsoft\\office\\16.0\\onenote\\options\\other","valueName":"vertscrollbaronleft"},{"parentCategory":{"ref":"L_Display"},"supportedOn":{"ref":"windows:SUPPORTED_Windows7"},"enabledValue":{"decimal":{"value":1}},"disabledValue":{"decimal":{"value":0}},"name":"L_ShowNoteContainers","displayName":"Mostrar contenedores de notas","explainText":"Activa o desactiva la opción correspondiente de la interfaz de usuario.","tags":["L_Display","L_OneNoteOptions","L_MicrosoftOfficeOneNote"],"application":"onent16","key":"software\\microsoft\\office\\16.0\\onenote\\options\\other","valueName":"shownotecontainers"},{"parentCategory":{"ref":"L_Display"},"supportedOn":{"ref":"windows:SUPPORTED_Windows7"},"enabledValue":{"decimal":{"value":0}},"disabledValue":{"decimal":{"value":1}},"name":"L_Navigationbarappearsontheright","displayName":"La barra de exploración aparece a la derecha","explainText":"Esta opción especifica dónde aparece la barra de exploración.","tags":["L_Display","L_OneNoteOptions","L_MicrosoftOfficeOneNote"],"application":"onent16","key":"software\\microsoft\\office\\16.0\\onenote\\options\\other","valueName":"navbaronleft"},{"parentCategory":{"ref":"L_Editing"},"supportedOn":{"ref":"windows:SUPPORTED_Windows7"},"enabledValue":{"decimal":{"value":0}},"disabledValue":{"decimal":{"value":1}},"name":"L_TurnOffLinkCreationWith","displayName":"Desactivar la creación de vínculos con [[ ]]","explainText":"Esta configuración de directiva permite desactivar la creación de vínculos con [[ ]]. OneNote permite a los usuarios crear vínculos automáticamente al escribir un término entre [[ ]]. De esta manera, OneNote creará automáticamente una nueva página en dicha sección y creará un vínculo con ese texto.\n\nSi habilita esta configuración de directiva, los usuarios no podrán usar [[ ]] para crear un vínculo y una nueva página.\n\nSi deshabilita o no define esta configuración de directiva, OneNote creará vínculos automáticamente cuando los usuarios empleen [[ ]].","tags":["L_Editing","L_OneNoteOptions","L_MicrosoftOfficeOneNote"],"application":"onent16","key":"software\\microsoft\\office\\16.0\\onenote\\options\\editing","valueName":"wikilink"},{"parentCategory":{"ref":"L_Editing"},"supportedOn":{"ref":"windows:SUPPORTED_Windows7"},"enabledValue":{"decimal":{"value":0}},"disabledValue":{"decimal":{"value":1}},"name":"L_Turnoffautocalculator","displayName":"Desactivar calculadora automática","explainText":"Esta opción activa o desactiva la funcionalidad de calculadora automática.","tags":["L_Editing","L_OneNoteOptions","L_MicrosoftOfficeOneNote"],"application":"onent16","key":"software\\microsoft\\office\\16.0\\onenote\\options\\editing","valueName":"autocalculate"},{"parentCategory":{"ref":"L_Editing"},"supportedOn":{"ref":"windows:SUPPORTED_Windows7"},"enabledValue":{"decimal":{"value":1}},"disabledValue":{"decimal":{"value":0}},"name":"L_ShowPasteOptionsbuttons","displayName":"Mostrar botones de opciones de pegado","explainText":"Activa o desactiva la opción correspondiente de la interfaz de usuario.","tags":["L_Editing","L_OneNoteOptions","L_MicrosoftOfficeOneNote"],"application":"onent16","key":"software\\microsoft\\office\\16.0\\onenote\\options\\other","valueName":"pasteooui"},{"parentCategory":{"ref":"L_Editing"},"supportedOn":{"ref":"windows:SUPPORTED_Windows7"},"enabledValue":{"decimal":{"value":1}},"disabledValue":{"decimal":{"value":0}},"name":"L_AutoNumberingRecognition","displayName":"Reconocimiento de numeración automática","explainText":"Activa o desactiva la opción ''Aplicar numeración a las listas automáticamente''.","tags":["L_Editing","L_OneNoteOptions","L_MicrosoftOfficeOneNote"],"application":"onent16","key":"software\\microsoft\\office\\16.0\\onenote\\options\\editing","valueName":"numbering auto reco"},{"parentCategory":{"ref":"L_Editing"},"supportedOn":{"ref":"windows:SUPPORTED_Windows7"},"enabledValue":{"decimal":{"value":1}},"disabledValue":{"decimal":{"value":0}},"name":"L_AutoBulletRecognition","displayName":"Reconocimiento de viñetas automáticas","explainText":"Activa o desactiva la opción ''Aplicar viñetas a las listas automáticamente''.","tags":["L_Editing","L_OneNoteOptions","L_MicrosoftOfficeOneNote"],"application":"onent16","key":"software\\microsoft\\office\\16.0\\onenote\\options\\editing","valueName":"bullet auto reco"},{"parentCategory":{"ref":"L_Editing"},"supportedOn":{"ref":"windows:SUPPORTED_Windows7"},"elements":{"items":[{"valueName":"defaultfontface","requiredSpecified":false,"expandableSpecified":false,"maxLength":2147483647,"maxLengthSpecified":false,"inputType":"textBox","caption":"Fuente:","id":"L_Font"}]},"name":"L_DefaultFontName","displayName":"Nombre de fuente predeterminada","explainText":"Especifica el valor en la opción ''Fuente''.","tags":["L_Editing","L_OneNoteOptions","L_MicrosoftOfficeOneNote"],"application":"onent16","key":"software\\microsoft\\office\\16.0\\onenote\\options\\editing"},{"parentCategory":{"ref":"L_Editing"},"supportedOn":{"ref":"windows:SUPPORTED_Windows7"},"elements":{"items":[{"valueName":"defaultfontsize","requiredSpecified":false,"expandableSpecified":false,"maxLength":2147483647,"maxLengthSpecified":false,"inputType":"textBox","caption":"Tamaño de fuente:","id":"L_FontSize"}]},"name":"L_DefaultFontSize","displayName":"Tamaño de fuente predeterminado","explainText":"Especifica el valor en la opción ''Tamaño''.","tags":["L_Editing","L_OneNoteOptions","L_MicrosoftOfficeOneNote"],"application":"onent16","key":"software\\microsoft\\office\\16.0\\onenote\\options\\editing"},{"parentCategory":{"ref":"L_Editing"},"supportedOn":{"ref":"windows:SUPPORTED_Windows7"},"enabledValue":{"decimal":{"value":1}},"disabledValue":{"decimal":{"value":0}},"name":"L_AutoKeyboardSwitching","displayName":"Cambio automático de teclado","explainText":"Activa o desactiva la opción ''Cambiar teclados automáticamente''.","tags":["L_Editing","L_OneNoteOptions","L_MicrosoftOfficeOneNote"],"application":"onent16","key":"software\\microsoft\\office\\16.0\\onenote\\options\\language","valueName":"autokeyboard"},{"parentCategory":{"ref":"L_Editing"},"supportedOn":{"ref":"windows:SUPPORTED_Windows7"},"enabledValue":{"decimal":{"value":1}},"disabledValue":{"decimal":{"value":0}},"name":"L_IncludelinktosourcewhenpastingfromtheInternet","displayName":"Incluir vínculo al origen al pegar desde Internet","explainText":"Activa o desactiva la opción correspondiente de la interfaz de usuario.","tags":["L_Editing","L_OneNoteOptions","L_MicrosoftOfficeOneNote"],"application":"onent16","key":"software\\microsoft\\office\\16.0\\onenote\\options\\editing","valueName":"pasteincludeurl"},{"parentCategory":{"ref":"L_Pen"},"supportedOn":{"ref":"windows:SUPPORTED_Windows7"},"enabledValue":{"decimal":{"value":1}},"disabledValue":{"decimal":{"value":0}},"name":"L_DisableScratchout","displayName":"Deshabilitar tachado","explainText":"Deshabilita el gesto de tachado en la entrada de lápiz.","tags":["L_Pen","L_OneNoteOptions","L_MicrosoftOfficeOneNote"],"application":"onent16","key":"software\\microsoft\\office\\16.0\\onenote\\options\\pen","valueName":"disablescratchout"},{"parentCategory":{"ref":"L_Pen"},"supportedOn":{"ref":"windows:SUPPORTED_Windows7"},"enabledValue":{"decimal":{"value":1}},"disabledValue":{"decimal":{"value":0}},"name":"L_Createallnewpageswithrulelines","displayName":"Crear todas las páginas nuevas con renglones","explainText":"Activa o desactiva la opción correspondiente de la interfaz de usuario.","tags":["L_Pen","L_OneNoteOptions","L_MicrosoftOfficeOneNote"],"application":"onent16","key":"software\\microsoft\\office\\16.0\\onenote\\options\\pen","valueName":"userulelines"},{"parentCategory":{"ref":"L_Pen"},"supportedOn":{"ref":"windows:SUPPORTED_Windows7"},"enabledValue":{"decimal":{"value":1}},"disabledValue":{"decimal":{"value":0}},"name":"L_Usepenpressuresensitivity","displayName":"Usar sensibilidad a presión de pluma","explainText":"Activa o desactiva la opción correspondiente de la interfaz de usuario.","tags":["L_Pen","L_OneNoteOptions","L_MicrosoftOfficeOneNote"],"application":"onent16","key":"software\\microsoft\\office\\16.0\\onenote\\options\\pen","valueName":"inkpressure"},{"parentCategory":{"ref":"L_Pen"},"supportedOn":{"ref":"windows:SUPPORTED_Windows7"},"enabledValue":{"decimal":{"value":1}},"disabledValue":{"decimal":{"value":0}},"name":"L_AutomaticallyswitchbetweenPenandSelectionTool","displayName":"Cambiar automáticamente entre Pluma y Herramienta de selección","explainText":"Activa o desactiva la opción correspondiente de la interfaz de usuario.","tags":["L_Pen","L_OneNoteOptions","L_MicrosoftOfficeOneNote"],"application":"onent16","key":"software\\microsoft\\office\\16.0\\onenote\\options\\pen","valueName":"automodeswitch"},{"parentCategory":{"ref":"L_Pen"},"supportedOn":{"ref":"windows:SUPPORTED_Windows7"},"enabledValue":{"decimal":{"value":1}},"disabledValue":{"decimal":{"value":0}},"name":"L_ShowTabletPCInputPanelonOneNotepages","displayName":"Mostrar panel de entrada de Tablet PC en páginas de OneNote","explainText":"Habilitar esta directiva para mostrar el panel de entrada de Tablet PC en páginas de OneNote.","tags":["L_Pen","L_OneNoteOptions","L_MicrosoftOfficeOneNote"],"application":"onent16","key":"software\\microsoft\\office\\16.0\\onenote\\options\\pen","valueName":"showtabletpcinputpanel"},{"parentCategory":{"ref":"L_Email"},"supportedOn":{"ref":"windows:SUPPORTED_Windows7"},"enabledValue":{"decimal":{"value":1}},"disabledValue":{"decimal":{"value":0}},"name":"L_AttachEmbeddedFilesToTheEmail","displayName":"Adjuntar archivos insertados al mensaje de correo electrónico como archivos independientes","explainText":"Esta configuración de directiva permite definir la opción \"Adjuntar archivos insertados al mensaje de correo electrónico como archivos independientes\" que se encuentra en la pestaña Archivo | Opciones | Avanzadas | Mensaje enviado desde OneNote.\n\nSi habilita o no define esta configuración de directiva, los archivos incrustados se adjuntarán al mensaje de correo electrónico como archivos independientes.\n\nSi deshabilita esta configuración de directiva, los archivos incrustados no se adjuntarán al mensaje de correo electrónico como archivos independientes.","tags":["L_Email","L_OneNoteOptions","L_MicrosoftOfficeOneNote"],"application":"onent16","key":"software\\microsoft\\office\\16.0\\onenote\\options","valueName":"email embedded files"},{"parentCategory":{"ref":"L_Email"},"supportedOn":{"ref":"windows:SUPPORTED_Windows7"},"enabledValue":{"decimal":{"value":1}},"disabledValue":{"decimal":{"value":0}},"name":"L_AllowOneNoteemailattachments","displayName":"Permitir datos adjuntos de correo electrónico de OneNote","explainText":"Activa o desactiva la opción ''Adjuntar una copia de las notas originales como archivo de OneNote''.","tags":["L_Email","L_OneNoteOptions","L_MicrosoftOfficeOneNote"],"application":"onent16","key":"software\\microsoft\\office\\16.0\\onenote\\options","valueName":"email attachment"},{"parentCategory":{"ref":"L_Email"},"supportedOn":{"ref":"windows:SUPPORTED_Windows7"},"enabledValue":{"decimal":{"value":1}},"disabledValue":{"decimal":{"value":0}},"name":"L_AddsignaturetoOneNoteemailmessages","displayName":"Agregar firmas a los mensajes de correo electrónico de OneNote","explainText":"Activa o desactiva la opción ''Agregar la firma siguiente a los mensajes de correo electrónico y páginas web creados en OneNote''.","tags":["L_Email","L_OneNoteOptions","L_MicrosoftOfficeOneNote"],"application":"onent16","key":"software\\microsoft\\office\\16.0\\onenote\\options\\other","valueName":"emailsignature"},{"parentCategory":{"ref":"L_Email"},"supportedOn":{"ref":"windows:SUPPORTED_Windows7"},"elements":{"items":[{"valueName":"signature","requiredSpecified":false,"expandableSpecified":false,"maxLength":2147483647,"maxLengthSpecified":false,"inputType":"textBox","caption":"Escriba la firma que desea usar para los mensajes de correo electrónico de OneNote","id":"L_EntersignaturetouseforOneNoteemail"}]},"name":"L_UsethissignatureforOneNoteemail","displayName":"Usar esta firma para el correo electrónico de OneNote","explainText":"Establece el valor en la opción ''Agregar la firma siguiente a los mensajes de correo electrónico y páginas web creados en OneNote''.","tags":["L_Email","L_OneNoteOptions","L_MicrosoftOfficeOneNote"],"application":"onent16","key":"software\\microsoft\\office\\16.0\\onenote\\options\\other"},{"parentCategory":{"ref":"L_NoteFlags"},"supportedOn":{"ref":"windows:SUPPORTED_Windows7"},"enabledValue":{"decimal":{"value":1}},"disabledValue":{"decimal":{"value":0}},"name":"L_Copyitemswhenmovingthem","displayName":"Copiar elementos al moverlos","explainText":"Esta configuración de directiva permite definir notas etiquetadas.\n\nSi habilita o no define esta configuración de directiva, se activará la opción \"Dejar las notas etiquetadas originales sin cambiar\".\n\nSi deshabilita esta configuración de directiva, se activará la opción \"Mostrar las notas etiquetadas originales atenuadas\".","tags":["L_NoteFlags","L_OneNoteOptions","L_MicrosoftOfficeOneNote"],"application":"onent16","key":"software\\microsoft\\office\\16.0\\onenote\\options\\other","valueName":"duplicatenoteflag"},{"parentCategory":{"ref":"L_NoteFlags"},"supportedOn":{"ref":"windows:SUPPORTED_Windows7"},"enabledValue":{"decimal":{"value":1}},"disabledValue":{"decimal":{"value":0}},"name":"L_ShowDimmedTaggedNotesInTheTagsSummaryTaskPane","displayName":"Mostrar las notas etiquetadas atenuadas en el panel de tareas Resumen de etiquetas","explainText":"Activa o desactiva la opción \"Mostrar las notas etiquetadas atenuadas en el panel de tareas Resumen de etiquetas\".","tags":["L_NoteFlags","L_OneNoteOptions","L_MicrosoftOfficeOneNote"],"application":"onent16","key":"software\\microsoft\\office\\16.0\\onenote\\options\\other","valueName":"showinactivenoteflag"},{"parentCategory":{"ref":"L_AudioandVideo"},"supportedOn":{"ref":"windows:SUPPORTED_Windows7"},"enabledValue":{"decimal":{"value":0}},"disabledValue":{"decimal":{"value":1}},"name":"L_Disableaudosearch","displayName":"Deshabilitar búsqueda de audio","explainText":"Deshabilita la característica de búsqueda de audio de OneNote.","tags":["L_AudioandVideo","L_OneNoteOptions","L_MicrosoftOfficeOneNote"],"application":"onent16","key":"software\\microsoft\\office\\16.0\\onenote\\options\\other","valueName":"enableaudiosearch"},{"parentCategory":{"ref":"L_AudioandVideo"},"supportedOn":{"ref":"windows:SUPPORTED_Windows7"},"enabledValue":{"decimal":{"value":1}},"disabledValue":{"decimal":{"value":0}},"name":"L_DisableLinkedAudiofeature","displayName":"Deshabilitar la función de audio vinculada","explainText":"Esta configuración de directiva permite definir los comandos Grabar audio y Grabar vídeo de la pestaña Insertar.\n\nSi habilita esta configuración de directiva, los comandos no estarán disponibles.\n\nSi deshabilita o no configura esta directiva, los comandos estarán disponibles.","tags":["L_AudioandVideo","L_OneNoteOptions","L_MicrosoftOfficeOneNote"],"application":"onent16","key":"software\\microsoft\\office\\16.0\\onenote\\options\\audio","valueName":"disablerecording"},{"parentCategory":{"ref":"L_AudioandVideo"},"supportedOn":{"ref":"windows:SUPPORTED_Windows7"},"elements":{"items":[{"valueName":"defaultbitdepth","minValue":8,"minValueSpecified":true,"maxValue":48,"maxValueSpecified":true,"inputType":"decimalTextBox","caption":"Bits:","id":"L_Bits"}]},"name":"L_Specifynumberofbitstosamplewhenrecording","displayName":"Especificar el número de bits de muestreo al grabar","explainText":"Especifica la cantidad predeterminada de bits por muestra (valor en kbps) que se usa para grabar audio. Si se encuentra el códec adecuado, esta será la profundidad en bits predeterminada usada en la configuración de formato de audio vinculado que se encuentra en la pestaña Archivo | Opciones | Audio y vídeo.","tags":["L_AudioandVideo","L_OneNoteOptions","L_MicrosoftOfficeOneNote"],"application":"onent16","key":"software\\microsoft\\office\\16.0\\onenote\\options\\audio"},{"parentCategory":{"ref":"L_AudioandVideo"},"supportedOn":{"ref":"windows:SUPPORTED_Windows7"},"elements":{"items":[{"valueName":"defaultsamplerate","minValue":8,"minValueSpecified":true,"maxValue":192,"maxValueSpecified":true,"inputType":"decimalTextBox","caption":"Bits/segundo:","id":"L_BitsSecond"}]},"name":"L_Specifyratetosampleaudiobitssecond","displayName":"Especificar la tasa de muestreo de audio (bits por segundo)","explainText":"Especifica la velocidad de muestreo predeterminada (valor en kHz) que se usa para grabar audio. Si se encuentra el códec adecuado, esta será la velocidad de muestreo predeterminada usada en la configuración de formato de audio vinculado que se encuentra en la pestaña Archivo | Opciones | Audio y vídeo.","tags":["L_AudioandVideo","L_OneNoteOptions","L_MicrosoftOfficeOneNote"],"application":"onent16","key":"software\\microsoft\\office\\16.0\\onenote\\options\\audio"},{"parentCategory":{"ref":"L_AudioandVideo"},"supportedOn":{"ref":"windows:SUPPORTED_Windows7"},"elements":{"items":[{"valueName":"defaultchannels","minValue":1,"minValueSpecified":true,"maxValue":2,"maxValueSpecified":true,"inputType":"decimalTextBox","caption":"Canales (1-2):","id":"L_Channels12"}]},"name":"L_Specifynumberofchannelstorecord","displayName":"Especificar el número de canales que se van a grabar","explainText":"Especifica si se usan 1 o 2 canales para grabar audio. Si se encuentra el códec adecuado, esta será la cantidad predeterminada de canales usados en la configuración de formato para audio vinculado que se encuentra en la pestaña Archivo | Opciones | Audio y vídeo.","tags":["L_AudioandVideo","L_OneNoteOptions","L_MicrosoftOfficeOneNote"],"application":"onent16","key":"software\\microsoft\\office\\16.0\\onenote\\options\\audio"},{"parentCategory":{"ref":"L_AudioandVideo"},"supportedOn":{"ref":"windows:SUPPORTED_Windows7"},"elements":{"items":[{"valueName":"rewind","minValue":0,"minValueSpecified":true,"maxValue":999,"maxValueSpecified":true,"inputType":"decimalTextBox","caption":"Rebobinar desde el principio del párrafo hasta: (s)","id":"L_Rewindfromstartofparagraphbysec"}]},"name":"L_Rewindfromstartofparagraphbythefollowingnumberofseconds","displayName":"Rebobinar desde el principio del párrafo el siguiente número de segundos","explainText":"Establece el valor en la opción de la interfaz de usuario correspondiente.","tags":["L_AudioandVideo","L_OneNoteOptions","L_MicrosoftOfficeOneNote"],"application":"onent16","key":"software\\microsoft\\office\\16.0\\onenote\\options\\audio"},{"parentCategory":{"ref":"L_AudioandVideo"},"supportedOn":{"ref":"windows:SUPPORTED_Windows7"},"elements":{"items":[{"item":[{"value":{"string":"Windows Media Video 8 for Color Pocket PCs (150 Kbps)"},"displayName":"Pocket PC en color (150 Kbps)"},{"value":{"string":"Windows Media Video 8 for Dial-up Modems or Single-channel ISDN (28.8 to 56 Kbps)"},"displayName":"Módem de acceso telefónico o RDSI de único canal (28,8 a 56 Kbps)"},{"value":{"string":"Windows Media Video 8 for LAN, Cable Modem, or xDSL (100 to 768 Kbps)"},"displayName":"LAN, módem por cable o xDSL (de 100 a 768 Kbps)"},{"value":{"string":"Windows Media Video 8 for Dial-up Modems or LAN (28.8 to 100 Kbps)"},"displayName":"Módem de acceso telefónico o LAN (28,8 a 100 Kbps)"},{"value":{"string":"Windows Media Video 8 for Dial-up Modems (28.8 Kbps)"},"displayName":"Módem de acceso telefónico (28,8 Kbps)"},{"value":{"string":"Windows Media Video 8 for Dial-up Modems (56 Kbps)"},"displayName":"Módem de acceso telefónico (56 Kbps)"},{"value":{"string":"Windows Media Video 8 for Local Area Network (100 Kbps)"},"displayName":"Red de área local (100 Kbps)"},{"value":{"string":"Windows Media Video 8 for Local Area Network (256 Kbps)"},"displayName":"Red de área local (256 Kbps)"},{"value":{"string":"Windows Media Video 8 for Local Area Network (384 Kbps)"},"displayName":"Red de área local (384 Kbps)"},{"value":{"string":"Windows Media Video 8 for Broadband (NTSC, 700 Kbps)"},"displayName":"Banda ancha (NTSC, 700 Kbps)"},{"value":{"string":"Windows Media Video 8 for Broadband (NTSC, 1400 Kbps)"},"displayName":"Banda ancha (NTSC, 1400 Kbps)"},{"value":{"string":"Windows Media Video 8 for Broadband (PAL, 384 Kbps)"},"displayName":"Banda ancha (PAL, 384 Kbps)"},{"value":{"string":"Windows Media Video 8 for Broadband (PAL, 700 Kbps)"},"displayName":"Banda ancha (PAL, 700 Kbps)"}],"valueName":"videocaptureprofile","inputType":"dropdownList","caption":"Elija el códec de Windows Media Video 8:","id":"L_ChoosetheWindowsMediaVideo8codec"}]},"name":"L_ChoosedefaultcodectobeusedforVideonotebook","displayName":"Elija un códec predeterminado para usar con el bloc de notas de vídeo","explainText":"Esta opción establecerá el códec predeterminado usado por OneNote para la grabación de vídeo creada con OneNote.","tags":["L_AudioandVideo","L_OneNoteOptions","L_MicrosoftOfficeOneNote"],"application":"onent16","key":"software\\microsoft\\office\\16.0\\onenote\\options\\audio"},{"parentCategory":{"ref":"L_Cryptography"},"supportedOn":{"ref":"windows:SUPPORTED_Windows7"},"elements":{"items":[{"valueName":"cipheralgorithm","required":true,"requiredSpecified":true,"expandableSpecified":false,"maxLength":2147483647,"maxLengthSpecified":false,"inputType":"textBox","caption":"Algoritmo de cifrado CNG:","id":"L_SetCNGCipherAlgorithmID"}]},"name":"L_SetCNGCipherAlgorithm","displayName":"Establecer algoritmo de cifrado CNG","explainText":"Esta configuración de directiva permite configurar el algoritmo de cifrado CNG que se usa.\n\nSi habilita esta configuración de directiva, el cifrado suministrado se usará si es un algoritmo admitido.\n\nSi deshabilita esta configuración de directiva o no la define, se usará AES.","tags":["L_Cryptography","L_Security","L_OneNoteOptions","L_MicrosoftOfficeOneNote"],"application":"onent16","key":"software\\microsoft\\office\\16.0\\onenote\\security\\crypto"},{"parentCategory":{"ref":"L_Cryptography"},"supportedOn":{"ref":"windows:SUPPORTED_Windows7"},"elements":{"items":[{"item":[{"value":{"string":"ChainingModeCBC"},"displayName":"Encadenamiento de bloques de cifrado (CBC)"},{"value":{"string":"ChainingModeCFB"},"displayName":"Comentarios de cifrado (CFB)"}],"valueName":"cipherchaining","inputType":"dropdownList","id":"L_ConfigureCNGCipherChainingModeDropID"}]},"name":"L_ConfigureCNGCipherChainingMode","displayName":"Configurar modo de encadenamiento de cifrado CNG","explainText":"Esta configuración de directiva permite configurar el modo de encadenamiento de cifrado usado.\n\nSi habilita esta configuración de directiva, se aplicará el modo de encadenamiento de cifrado especificado.\n\nSi deshabilita esta configuración de directiva o no la define, Encadenamiento de bloques de cifrado (CBC) será el modo de encadenamiento de cifrado CNG predeterminado.","tags":["L_Cryptography","L_Security","L_OneNoteOptions","L_MicrosoftOfficeOneNote"],"application":"onent16","key":"software\\microsoft\\office\\16.0\\onenote\\security\\crypto"},{"parentCategory":{"ref":"L_Cryptography"},"supportedOn":{"ref":"windows:SUPPORTED_Windows7"},"elements":{"items":[{"valueName":"cipherkeybits","minValue":0,"minValueSpecified":true,"maxValue":1000000,"maxValueSpecified":true,"inputType":"decimalTextBox","caption":"Longitud de clave de cifrado","id":"L_SetCNGCipherKeyLengthSpinID"}]},"name":"L_SetCNGCipherKeyLength","displayName":"Establecer longitud de la clave de cifrado CNG","explainText":"Esta configuración de directiva permite configurar el número de bits que se usará al crear la clave de cifrado. Este número se redondeará a la baja hasta un múltiplo de 8.\n\nSi habilita esta configuración de directiva, se usarán los bits de la clave que se especificaron.\n\nSi deshabilita esta configuración de directiva o no la define, se usarán los valores predeterminados.","tags":["L_Cryptography","L_Security","L_OneNoteOptions","L_MicrosoftOfficeOneNote"],"application":"onent16","key":"software\\microsoft\\office\\16.0\\onenote\\security\\crypto"},{"parentCategory":{"ref":"L_Cryptography"},"supportedOn":{"ref":"windows:SUPPORTED_Windows7"},"elements":{"items":[{"item":[{"value":{"decimal":{"value":0}},"displayName":"Usar formato heredado"},{"value":{"decimal":{"value":1}},"displayName":"Usar formato de próxima generación"},{"value":{"decimal":{"value":2}},"displayName":"Guardar todos arch. con form. próx. generac."}],"valueName":"compatmode","inputType":"dropdownList","id":"L_SpecifyEncryptionCompatibilityDropID"}]},"name":"L_SpecifyEncryptionCompatibility","displayName":"Especificar compatibilidad de cifrado","explainText":"Esta configuración de directiva permite especificar la compatibilidad de la base de datos cifrada.\n\nSi habilita esta configuración de directiva, se aplicará el formato de compatibilidad especificado durante el cifrado para los nuevos archivos\n- Usar formato heredado\n- Usar formato de próxima generación\n- Guardar todos los archivos con formato de próxima generación\n\nSi deshabilita esta configuración de directiva o no la define, se aplicará la configuración predeterminada, \"Usar formato de próxima generación\".","tags":["L_Cryptography","L_Security","L_OneNoteOptions","L_MicrosoftOfficeOneNote"],"application":"onent16","key":"software\\microsoft\\office\\16.0\\onenote\\security\\crypto"},{"parentCategory":{"ref":"L_Cryptography"},"supportedOn":{"ref":"windows:SUPPORTED_Windows7"},"elements":{"items":[{"valueName":"context","required":true,"requiredSpecified":true,"expandableSpecified":false,"maxLength":2147483647,"maxLengthSpecified":false,"inputType":"textBox","caption":"Parámetros","id":"L_SetParametersForCNGContextID"}]},"name":"L_SetParametersForCNGContext","displayName":"Establecer parámetros para el contexto de CNG","explainText":"Esta configuración de directiva permite especificar los parámetros de cifrado que se deben usar para el contexto de CNG. \n\nSi habilita esta configuración de directiva, se pasarán los parámetros especificados al contexto de CNG.\n\nSi deshabilita esta configuración de directiva o no la define, se usarán los valores de CNG predeterminados.","tags":["L_Cryptography","L_Security","L_OneNoteOptions","L_MicrosoftOfficeOneNote"],"application":"onent16","key":"software\\microsoft\\office\\16.0\\onenote\\security\\crypto"},{"parentCategory":{"ref":"L_Cryptography"},"supportedOn":{"ref":"windows:SUPPORTED_Windows7"},"elements":{"items":[{"item":[{"value":{"string":"SHA1"},"displayName":"SHA1"},{"value":{"string":"SHA256"},"displayName":"SHA256"},{"value":{"string":"SHA384"},"displayName":"SHA384"},{"value":{"string":"SHA512"},"displayName":"SHA512"}],"valueName":"hashalgorithm","inputType":"dropdownList","id":"L_SpecifyCNGHashAlgorithmDropID"}]},"name":"L_SpecifyCNGHashAlgorithm","displayName":"Especificar algoritmo hash CNG","explainText":"Esta configuración de directiva permite especificar el algoritmo hash usado.\n\nSi habilita esta configuración de directiva, CNG usará el algoritmo hash seleccionado.\n\nSi deshabilita esta configuración de directiva o no la define, se usará el algoritmo hash CNG predeterminado.","tags":["L_Cryptography","L_Security","L_OneNoteOptions","L_MicrosoftOfficeOneNote"],"application":"onent16","key":"software\\microsoft\\office\\16.0\\onenote\\security\\crypto"},{"parentCategory":{"ref":"L_Cryptography"},"supportedOn":{"ref":"windows:SUPPORTED_Windows7"},"elements":{"items":[{"valueName":"passwordspincount","minValue":0,"minValueSpecified":true,"maxValue":10000000,"maxValueSpecified":true,"inputType":"decimalTextBox","id":"L_SetCNGPasswordSpinCountSpinID"}]},"name":"L_SetCNGPasswordSpinCount","displayName":"Establecer número de recombinaciones de contraseña de CNG","explainText":"Esta configuración de directiva permite especificar la cantidad de veces que se recombinará el comprobador de contraseña.\n\nSi habilita esta configuración de directiva, el número especificado representará la cantidad de veces que se recombinará la contraseña.\n\nSi deshabilita esta configuración de directiva o no la define, se usará el valor predeterminado (100000).","tags":["L_Cryptography","L_Security","L_OneNoteOptions","L_MicrosoftOfficeOneNote"],"application":"onent16","key":"software\\microsoft\\office\\16.0\\onenote\\security\\crypto"},{"parentCategory":{"ref":"L_Cryptography"},"supportedOn":{"ref":"windows:SUPPORTED_Windows7"},"elements":{"items":[{"valueName":"rngalgorithm","required":true,"requiredSpecified":true,"expandableSpecified":false,"maxLength":2147483647,"maxLengthSpecified":false,"inputType":"textBox","caption":"Generador de números aleatorios:","id":"L_SpecifyCNGRandomNumberGeneratorAlgorithmID"}]},"name":"L_SpecifyCNGRandomNumberGeneratorAlgorithm","displayName":"Especificar algoritmo de generador de números aleatorios de CNG","explainText":"Esta configuración de directiva permite configurar el generador de números aleatorios de CNG que se usará.\n\nSi hablita esta configuración de directiva, se usará el generador de números aleatorios especificado.\n\nSi deshabilita esta configuración de directiva o no la define, se usará el generador de números aleatorios predeterminado.","tags":["L_Cryptography","L_Security","L_OneNoteOptions","L_MicrosoftOfficeOneNote"],"application":"onent16","key":"software\\microsoft\\office\\16.0\\onenote\\security\\crypto"},{"parentCategory":{"ref":"L_Cryptography"},"supportedOn":{"ref":"windows:SUPPORTED_Windows7"},"elements":{"items":[{"valueName":"saltbytes","minValue":0,"minValueSpecified":true,"maxValue":5000,"maxValueSpecified":true,"inputType":"decimalTextBox","caption":"Número de bytes","id":"L_SpecifyCNGSaltLengthSpinID"}]},"name":"L_SpecifyCNGSaltLength","displayName":"Especificar longitud de contraseña CNG con sal","explainText":"Esta configuración de directiva permite especificar el número de bytes de sal que se debe usar.\n\nSi habilita esta configuración de directiva, se usarán los bytes especificados.\n\nSi deshabilita esta configuración de directiva o no la define, se usará 16 o la longitud predeterminada.","tags":["L_Cryptography","L_Security","L_OneNoteOptions","L_MicrosoftOfficeOneNote"],"application":"onent16","key":"software\\microsoft\\office\\16.0\\onenote\\security\\crypto"},{"parentCategory":{"ref":"L_Save"},"supportedOn":{"ref":"windows:SUPPORTED_Windows7"},"elements":{"items":[{"valueName":"notebook root","requiredSpecified":false,"expandableSpecified":false,"maxLength":2147483647,"maxLengthSpecified":false,"inputType":"textBox","caption":"","id":"L_empty1"}]},"name":"L_NotebookRoot","displayName":"Raíz del bloc de notas","explainText":"Para cambiar la ruta predeterminada de los blocs de notas, introduzca una ruta a una carpeta relativa a sus documentos.","tags":["L_Save","L_OneNoteOptions","L_MicrosoftOfficeOneNote"],"application":"onent16","key":"software\\microsoft\\office\\16.0\\onenote\\options\\save"},{"parentCategory":{"ref":"L_Save"},"supportedOn":{"ref":"windows:SUPPORTED_Windows7"},"elements":{"items":[{"valueName":"unfilednotessection","requiredSpecified":false,"expandableSpecified":false,"maxLength":2147483647,"maxLengthSpecified":false,"inputType":"textBox","caption":"Abrir notas al margen en esta sección:","id":"L_OpenSideNotesinthissection"}]},"name":"L_Locationofunfilednotessection","displayName":"Ubicación de la sección de notas sin archivar","explainText":"Ubicación en la que OneNote almacena la sección de notas sin archivar.","tags":["L_Save","L_OneNoteOptions","L_MicrosoftOfficeOneNote"],"application":"onent16","key":"software\\microsoft\\office\\16.0\\onenote\\options\\paths"},{"parentCategory":{"ref":"L_Save"},"supportedOn":{"ref":"windows:SUPPORTED_Windows7"},"elements":{"items":[{"valueName":"backupfolderpath","requiredSpecified":false,"expandableSpecified":false,"maxLength":2147483647,"maxLengthSpecified":false,"inputType":"textBox","caption":"Carpeta de copia de seguridad:","id":"L_BackupFolder"}]},"name":"L_LocationofBackupFolder","displayName":"Ubicación de la carpeta de copia de seguridad","explainText":"Establece el valor en la opción de la interfaz de usuario correspondiente.","tags":["L_Save","L_OneNoteOptions","L_MicrosoftOfficeOneNote"],"application":"onent16","key":"software\\microsoft\\office\\16.0\\onenote\\options\\paths"},{"parentCategory":{"ref":"L_Save"},"supportedOn":{"ref":"windows:SUPPORTED_Windows7"},"elements":{"items":[{"valueName":"percentfreespacebeforeoptimize","minValue":0,"minValueSpecified":true,"maxValue":100,"maxValueSpecified":true,"inputType":"decimalTextBox","caption":"Escriba el porcentaje:","id":"L_EnterPercentage"}]},"name":"L_Percentageofunuseddiskspacetoallowinsections","displayName":"Porcentaje de espacio en disco sin usar que se permite en las secciones","explainText":"Establece el valor en la opción ''Porcentaje de espacio no utilizado que se permite en secciones sin optimizar''.","tags":["L_Save","L_OneNoteOptions","L_MicrosoftOfficeOneNote"],"application":"onent16","key":"software\\microsoft\\office\\16.0\\onenote\\options\\save"},{"parentCategory":{"ref":"L_Password"},"supportedOn":{"ref":"windows:SUPPORTED_Windows7"},"enabledValue":{"decimal":{"value":0}},"disabledValue":{"decimal":{"value":1}},"name":"L_Disallowsaddonsaccesstopass","displayName":"Deshabilita el acceso de complementos a secciones protegidas con contraseña","explainText":"Esta opción no permite que los complementos de extensibilidad obtengan acceso a secciones protegidas con contraseña si no están bloqueadas.","tags":["L_Password","L_OneNoteOptions","L_MicrosoftOfficeOneNote"],"application":"onent16","key":"software\\microsoft\\office\\16.0\\onenote\\security","valueName":"allowaddinaccesstoencryptedfiles"},{"parentCategory":{"ref":"L_Password"},"supportedOn":{"ref":"windows:SUPPORTED_Windows7"},"enabledValue":{"decimal":{"value":1}},"disabledValue":{"decimal":{"value":0}},"name":"L_Disablepasswordprotectedsections","displayName":"Deshabilitar las secciones protegidas con contraseña","explainText":"Deshabilita la capacidad de crear nuevas secciones protegidas con contraseña. Sin embargo, puede desbloquear y editar secciones existentes que tenga establecida una contraseña.","tags":["L_Password","L_OneNoteOptions","L_MicrosoftOfficeOneNote"],"application":"onent16","key":"software\\microsoft\\office\\16.0\\onenote\\general","valueName":"passwordprotectiondisabled"},{"parentCategory":{"ref":"L_Password"},"supportedOn":{"ref":"windows:SUPPORTED_Windows7"},"enabledValue":{"decimal":{"value":1}},"disabledValue":{"decimal":{"value":0}},"name":"L_LockpasswordprotectedsectionsassoonasInavigateawayfromthem","displayName":"Bloquear las secciones protegidas por contraseña en cuanto salga de ellas","explainText":"OneNote admite secciones protegidas por contraseña que se desbloquean cuando un usuario escribe la contraseña y pueden bloquearse de nuevo tras un período de tiempo de espera o cuando se deja la sección. Esta opción bloqueará la sección si sale de la sección protegida por contraseña.","tags":["L_Password","L_OneNoteOptions","L_MicrosoftOfficeOneNote"],"application":"onent16","key":"software\\microsoft\\office\\16.0\\onenote\\security","valueName":"locksectionsimmediately"},{"parentCategory":{"ref":"L_Backup"},"supportedOn":{"ref":"windows:SUPPORTED_Windows7"},"elements":{"items":[{"valueName":"backupnumberofbackupstokeep","minValue":0,"minValueSpecified":true,"maxValue":1000,"maxValueSpecified":true,"inputType":"decimalTextBox","caption":"Número de copias de seguridad que quiero mantener","id":"L_numberofbackupcopiestokeep2"}]},"name":"L_Numberofbackupcopiestokeep","displayName":"Número de copias de seguridad que quiero mantener","explainText":"Establece el valor en la opción de la interfaz de usuario correspondiente.","tags":["L_Backup","L_OneNoteOptions","L_MicrosoftOfficeOneNote"],"application":"onent16","key":"software\\microsoft\\office\\16.0\\onenote\\options\\save"},{"parentCategory":{"ref":"L_SendToOneNote"},"supportedOn":{"ref":"windows:SUPPORTED_Windows7"},"enabledValue":{"decimal":{"value":1}},"disabledValue":{"decimal":{"value":0}},"name":"L_DisableOutlooksendemailtoOneNoteoption","displayName":"Deshabilita la opción Outlook envía correos electrónicos a OneNote","explainText":"Esta directiva deshabilita el complemento de OneNote ''Enviar a OneNote'' para Microsoft Outlook. De forma predeterminada, OneNote instala un complemento en la barra de herramientas de Outlook que permite a los usuarios enviar correos electrónicos a OneNote.  El botón ''Enviar a OneNote'' también aparece en el módulo de correo principal de Outlook al ver un mensaje de correo electrónico. Puede deshabilitar esta característica con esta directiva.","tags":["L_SendToOneNote","L_OneNoteOptions","L_MicrosoftOfficeOneNote"],"application":"onent16","key":"software\\microsoft\\office\\16.0\\onenote\\options\\outlookandweb","valueName":"disablesendemailtoonenote"},{"parentCategory":{"ref":"L_Addins"},"supportedOn":{"ref":"windows:SUPPORTED_Windows7"},"enabledValue":{"decimal":{"value":1}},"disabledValue":{"decimal":{"value":0}},"name":"L_DisableOneNoteCOMAPI","displayName":"Deshabilitar API COM de OneNote","explainText":"Deshabilitar API COM de OneNote: no permite aplicaciones complementarias que pueden usar API COM. Tenga en cuenta que también rompe otras funciones que usan esta API, como enviar información desde Outlook a OneNote.","tags":["L_Addins","L_OneNoteOptions","L_MicrosoftOfficeOneNote"],"application":"onent16","key":"software\\microsoft\\office\\16.0\\onenote\\security","valueName":"disablecomapi"},{"parentCategory":{"ref":"L_Addins"},"supportedOn":{"ref":"windows:SUPPORTED_Windows7"},"enabledValue":{"decimal":{"value":1}},"disabledValue":{"decimal":{"value":0}},"name":"L_DisableinstalledOneNoteaddins","displayName":"Deshabilitar los complementos instalados de OneNote","explainText":"Se desactivan todos los complementos instalados de OneNote.","tags":["L_Addins","L_OneNoteOptions","L_MicrosoftOfficeOneNote"],"application":"onent16","key":"software\\microsoft\\office\\16.0\\onenote\\security","valueName":"disablealladdins"},{"parentCategory":{"ref":"L_Spelling"},"supportedOn":{"ref":"windows:SUPPORTED_Windows7"},"elements":{"items":[{"item":[{"value":{"decimal":{"value":0}},"displayName":"Revisión ortográfica"},{"value":{"decimal":{"value":1}},"displayName":"Revisar ortografía mientras escribe"},{"value":{"decimal":{"value":2}},"displayName":"Ocultar errores de ortografía"},{"value":{"decimal":{"value":3}},"displayName":"Comprobar la ortografía, pero ocultar errores"}],"valueName":"onenotespellingoptions","inputType":"dropdownList","id":"L_empty11"}]},"name":"L_OneNoteSpellingOptions","displayName":"Opciones de ortografía de OneNote","explainText":"Estas opciones cambian las opciones de \"Al corregir la ortografía en OneNote\" que aparecen en la pestaña Archivo | Opción | cuadro de diálogo Revisión.","tags":["L_Spelling","L_OneNoteOptions","L_MicrosoftOfficeOneNote"],"application":"onent16","key":"software\\microsoft\\shared tools\\proofing tools\\1.0\\office"},{"parentCategory":{"ref":"L_VersionsAndRecyleBin"},"supportedOn":{"ref":"windows:SUPPORTED_Windows7"},"enabledValue":{"decimal":{"value":0}},"disabledValue":{"decimal":{"value":1}},"name":"L_TurnOffVersionsAndNotebookRecycleBinInSharedNotebooks","displayName":"Desactivar las versiones y la papelera de reciclaje del bloc de notas en blocs de notas compartidos","explainText":"Esta configuración de directiva permite desactivar el historial de versiones, que incluye versiones y la papelera de reciclaje del bloc de notas. En un bloc de notas con el formato 2016, OneNote almacenará automáticamente las versiones anteriores de las páginas del bloc de notas, además de una papelera de reciclaje con todas las páginas y secciones eliminadas.\n\nSi habilita esta configuración de directiva, desactivará el historial de versiones.\n\nSi deshabilita esta configuración de directiva o no la define, OneNote almacenará las versiones anteriores de manera predeterminada.","tags":["L_VersionsAndRecyleBin","L_OneNoteOptions","L_MicrosoftOfficeOneNote"],"application":"onent16","key":"software\\microsoft\\office\\16.0\\onenote\\options\\versions","valueName":"enablehistory"},{"parentCategory":{"ref":"L_VersionsAndRecyleBin"},"supportedOn":{"ref":"windows:SUPPORTED_Windows7"},"enabledValue":{"decimal":{"value":0}},"disabledValue":{"decimal":{"value":1}},"name":"L_DoNotPruneVersionsOverTime","displayName":"No eliminar versiones a lo largo del tiempo","explainText":"Esta configuración de directiva permite desactivar la eliminación automática de OneNote. En un bloc de notas con el formato 2016, OneNote almacenará automáticamente las versiones anteriores de las páginas del bloc de notas, además de una papelera de reciclaje con todas las páginas y secciones eliminadas.\n\nSi habilita esta configuración de directiva, OneNote no eliminará versiones anteriores.\n\nSi deshabilita esta configuración de directiva o no la define, OneNote eliminará versiones anteriores. El valor predeterminado es eliminar versiones a lo largo del tiempo. Solamente deberá habilitar esta configuración de directiva si desea que OneNote no elimine versiones anteriores.","tags":["L_VersionsAndRecyleBin","L_OneNoteOptions","L_MicrosoftOfficeOneNote"],"application":"onent16","key":"software\\microsoft\\office\\16.0\\onenote\\options\\versions","valueName":"pruneversionsovertime"},{"parentCategory":{"ref":"L_VersionsAndRecyleBin"},"supportedOn":{"ref":"windows:SUPPORTED_Windows7"},"elements":{"items":[{"valueName":"daysofallversions","minValue":0,"minValueSpecified":true,"maxValue":365,"maxValueSpecified":true,"inputType":"decimalTextBox","caption":"Días pasados","id":"L_DaysOfAllVersionsSpinID"}]},"name":"L_DaysOfAllVersions","displayName":"Días durante los que todos los elementos del historial de versiones están \"seguros\" y no se eliminan","explainText":"Esta configuración de directiva le permite especificar un período durante el que OneNote conserva las páginas del historial de versiones completas. Una vez transcurrido el tiempo especificado, OneNote conserva páginas del historial de versiones más básicas, lo que usa un menor espacio de almacenamiento.\n\nSi habilita esta configuración de directiva, OneNote conserva las páginas del historial de versiones completas durante el período especificado y, una vez expirado este período, conserva páginas del historial de versiones básicas.\n\nSi deshabilita o no establece esta configuración de directiva, OneNote conserva las páginas del historial de versiones completas por dos días y, después, conserva páginas del historial de versiones básicas.\n      ","tags":["L_VersionsAndRecyleBin","L_OneNoteOptions","L_MicrosoftOfficeOneNote"],"application":"onent16","key":"software\\microsoft\\office\\16.0\\onenote\\options\\versions"},{"parentCategory":{"ref":"L_VersionsAndRecyleBin"},"supportedOn":{"ref":"windows:SUPPORTED_Windows7"},"elements":{"items":[{"valueName":"daysofhourlyversions","minValue":0,"minValueSpecified":true,"maxValue":365,"maxValueSpecified":true,"inputType":"decimalTextBox","caption":"Días pasados","id":"L_DaysOfHourlyVersionsNotToPruneAfterDaysBackSpinID"}]},"name":"L_DaysOfHourlyVersionsNotToPruneAfterDaysBack","displayName":"Días de versiones por hora que no se eliminarán después de Días pasados","explainText":"Esta configuración de directiva permite definir la cantidad de versiones por hora que no se eliminarán después de Días pasados. En un bloc de notas con el formato 2016, OneNote almacenará automáticamente las versiones anteriores de las páginas de un bloc de notas, así como una papelera de reciclaje con todas las páginas y secciones eliminadas.\n\nSi habilita esta configuración de directiva, podrá especificar el número de días que se mantendrán versiones por hora después de la configuración de Días pasados. Este valor especifica el número de días transcurridos de \"DaysOfAllVersions\" durante los que mantener la información del historial de versiones por hora. Los usuarios conservarán una versión por hora durante este número de días después de \"DaysOfAllVersions\".\n\nSi deshabilita esta configuración de directiva o no la define, OneNet mantendrá las versiones por hora durante los últimos 5 días.","tags":["L_VersionsAndRecyleBin","L_OneNoteOptions","L_MicrosoftOfficeOneNote"],"application":"onent16","key":"software\\microsoft\\office\\16.0\\onenote\\options\\versions"},{"parentCategory":{"ref":"L_VersionsAndRecyleBin"},"supportedOn":{"ref":"windows:SUPPORTED_Windows7"},"elements":{"items":[{"valueName":"maxuniquedayversions","minValue":0,"minValueSpecified":true,"maxValue":365,"maxValueSpecified":true,"inputType":"decimalTextBox","caption":"Cantidad máxima de versiones","id":"L_MaximumNumberOfOncePerDayVersionHistoryItemsKeptSpinID"}]},"name":"L_MaximumNumberOfOncePerDayVersionHistoryItemsKept","displayName":"Número máximo de elementos de historial de versiones ocurridos una vez al día que se conservarán","explainText":"Esta configuración de directiva permite definir el número de elementos del historial ocurridos una vez al día que se mantendrán para cada página. En un bloc de notas con el formato 2016, OneNote almacenará automáticamente las versiones anteriores de las páginas del bloc de notas, así como una papelera de reciclaje con todas las páginas y secciones eliminadas.\n\nSi habilita esta configuración de directiva, podrá establecer el número de versiones diarias que se conservarán. Si establece el valor -1, indicará a OneNote que conserve todos los elementos de historial ocurridos una vez al día antiguos.\n \nSi deshabilita esta configuración de directiva o no la define, OneNote conservará una página cada día transcurrido durante los últimos 10 días.","tags":["L_VersionsAndRecyleBin","L_OneNoteOptions","L_MicrosoftOfficeOneNote"],"application":"onent16","key":"software\\microsoft\\office\\16.0\\onenote\\options\\versions"},{"parentCategory":{"ref":"L_VersionsAndRecyleBin"},"supportedOn":{"ref":"windows:SUPPORTED_Windows7"},"elements":{"items":[{"valueName":"deleteallversionsafter","minValue":0,"minValueSpecified":true,"maxValue":365,"maxValueSpecified":true,"inputType":"decimalTextBox","caption":"Número de días pasados durante los que conservar versiones","id":"L_DaysBackToKeepInVersionHistorySpinID"}]},"name":"L_DaysBackToKeepInVersionHistory","displayName":"Número de días pasados que se guardarán en el historial de versiones","explainText":"Esta configuración de directiva permite definir el número de días antes de los cuales se eliminarán todos los elementos del historial de versiones creados antes de este valor. En un bloc de notas con el formato 2016, OneNote almacenará automáticamente las versiones anteriores de las páginas del bloc de notas, así como una papelera de reciclaje con todas las páginas y secciones eliminadas.\n\nSi habilita esta configuración de directiva, podrá establecer el número de días antes de los cuales se elimina el historial de versiones.\n\nSi deshabilita esta configuración de directiva o no la define, de manera predeterminada, OneNote conservará las versiones anteriores de todos los días transcurridos. Este valor, -1, es el predeterminado.","tags":["L_VersionsAndRecyleBin","L_OneNoteOptions","L_MicrosoftOfficeOneNote"],"application":"onent16","key":"software\\microsoft\\office\\16.0\\onenote\\options\\versions"},{"parentCategory":{"ref":"L_VersionsAndRecyleBin"},"supportedOn":{"ref":"windows:SUPPORTED_Windows7"},"elements":{"items":[{"valueName":"daystokeeprecycleditems","minValue":0,"minValueSpecified":true,"maxValue":365,"maxValueSpecified":true,"inputType":"decimalTextBox","caption":"Número de días pasados durante los que guardar elementos en la papelera de reciclaje","id":"L_DaysBackToKeepItemsInRecycleBinSpinID"}]},"name":"L_DaysBackToKeepItemsInRecycleBin","displayName":"Número de días pasados durante los que guardar elementos en la papelera de reciclaje","explainText":"Esta configuración de directiva permite definir el número de días antes de los cuales se eliminarán todos los elementos agregados a la papelera de reciclaje antes de dicho valor cuando se elimine información del historial de versiones. En un bloc de notas con el formato 2016, OneNote almacenará automáticamente las versiones anteriores de las páginas del bloc de notas, así como una papelera de reciclaje con todas las páginas y secciones eliminadas.\n\nSi habilita esta configuración de directiva, podrá establecer el número de días pasados durante los que se conservarán los elementos de la papelera de reciclaje.\n\nSi no define esta configuración de directiva, OneNote usará el valor predeterminado de 60 días en el pasado.","tags":["L_VersionsAndRecyleBin","L_OneNoteOptions","L_MicrosoftOfficeOneNote"],"application":"onent16","key":"software\\microsoft\\office\\16.0\\onenote\\options\\versions"},{"parentCategory":{"ref":"L_Other"},"supportedOn":{"ref":"windows:SUPPORTED_Windows7"},"elements":{"items":[{"valueName":"folderpollinterval","minValue":1,"minValueSpecified":true,"maxValue":3600,"maxValueSpecified":true,"inputType":"decimalTextBox","caption":"Intervalo para buscar en el servidor (segundos)","id":"L_SetUNCIntervalToPollForChangesOnFileServersSpinID"}]},"name":"L_SetUNCIntervalToPollForChangesOnFileServers","displayName":"Establecer el intervalo UNC para buscar cambios en servidores de archivos","explainText":"Esta configuración de directiva permite cambiar el intervalo de sincronización con el que OneNote buscará cambios en el servidor. Cuando OneNote sincroniza un bloc de notas en UNC, que también se conoce como SMB o recursos compartidos de archivos de Windows, OneNote recibirá notificaciones del servidor de archivos, a la vez que buscará nuevas actualizaciones en el servidor.\n\nAl hacer que el intervalo sea más rápido, OneNote sincronizará más rápidamente, pero también puede causar problemas de rendimiento en el servidor.\n\nSi habilita esta configuración de directiva, podrá especificar la cantidad de segundos de búsqueda de OneNet.\n\nSi deshabilita esta configuración de directiva o no la define, OneNote buscará automáticamente cada 30 segundos.","tags":["L_Other","L_OneNoteOptions","L_MicrosoftOfficeOneNote"],"application":"onent16","key":"software\\microsoft\\office\\16.0\\onenote\\options\\save"},{"parentCategory":{"ref":"L_Other"},"supportedOn":{"ref":"windows:SUPPORTED_Windows7"},"enabledValue":{"decimal":{"value":0}},"disabledValue":{"decimal":{"value":1}},"name":"L_TurnOffOneNoteAutoLinkedNoteTaking","displayName":"Desactivar la toma de notas con vinculación automática de OneNote","explainText":"Esta configuración de directiva desactiva la característica de toma de notas automática de OneNote que permite tomar notas sobre elementos tales como páginas web, documentos de Word, etc. OneNote registrará automáticamente las páginas o el documento que se estaban consultando cuando se tomó esta nota.\n\nSi habilita esta configuración de directiva, OneNote no vinculará automáticamente las notas cuando el usuario intente activar esta característica.\n\nSi deshabilita o no habilita esta directiva, OneNote vinculará automáticamente las notas cuando el usuario intente activar esta característica.","tags":["L_Other","L_OneNoteOptions","L_MicrosoftOfficeOneNote"],"application":"onent16","key":"software\\microsoft\\office\\16.0\\onenote\\options\\linkednotes","valueName":"autolink"},{"parentCategory":{"ref":"L_Other"},"supportedOn":{"ref":"windows:SUPPORTED_Windows7"},"enabledValue":{"decimal":{"value":1}},"disabledValue":{"decimal":{"value":0}},"name":"L_DisableOCR","displayName":"Deshabilitar OCR","explainText":"Esta directiva activa la característica de reconocimiento óptico de caracteres (OCR) de imágenes de OneNote. La característica OCR permite que OneNote analice imágenes automáticamente para buscar texto que aparecerá en los resultados de la búsqueda.","tags":["L_Other","L_OneNoteOptions","L_MicrosoftOfficeOneNote"],"application":"onent16","key":"software\\microsoft\\office\\16.0\\onenote\\options\\other","valueName":"disableocr"},{"parentCategory":{"ref":"L_Other"},"supportedOn":{"ref":"windows:SUPPORTED_Windows7"},"elements":{"items":[{"valueName":"blockedextensions","requiredSpecified":false,"expandableSpecified":false,"maxLength":2147483647,"maxLengthSpecified":false,"inputType":"textBox","caption":"","id":"L_empty12"}]},"name":"L_EmbeddedFilesBlockedExtensions","displayName":"Extensiones bloqueadas de archivos incrustados","explainText":"Para deshabilitar la posibilidad de que los usuarios de la organización puedan abrir datos adjuntos de un tipo de archivo específico desde una página de Microsoft OneNote, agregue las extensiones que desea deshabilitar utilizando este formato: \".ext1;.ext2;\". Si desea deshabilitar la posibilidad de abrir cualquier dato adjunto desde una página de OneNote, vea la directiva Deshabilitar archivos incrustados. Con esta directiva, no se pueden bloquear grabaciones incrustadas de audio y vídeo (WMA y WMV); en su lugar, vea la directiva Deshabilitar archivos incrustados.","tags":["L_Other","L_OneNoteOptions","L_MicrosoftOfficeOneNote"],"application":"onent16","key":"software\\microsoft\\office\\16.0\\onenote\\options\\embeddedfileopenoptions"},{"parentCategory":{"ref":"L_Other"},"supportedOn":{"ref":"windows:SUPPORTED_Windows7"},"elements":{"items":[{"valueName":"addnotebooks","requiredSpecified":false,"expandableSpecified":false,"maxLength":2147483647,"maxLengthSpecified":false,"inputType":"textBox","caption":"","id":"L_empty13"}]},"name":"L_Loadanotebookonfirstboot","displayName":"Cargar un bloc de notas la primera vez que arranque","explainText":"Señala a una carpeta que contiene un bloc de notas que debería cargase al arrancar el equipo por primera vez.","tags":["L_Other","L_OneNoteOptions","L_MicrosoftOfficeOneNote"],"application":"onent16","key":"software\\microsoft\\office\\16.0\\onenote\\options\\other"},{"parentCategory":{"ref":"L_Other"},"supportedOn":{"ref":"windows:SUPPORTED_Windows7"},"enabledValue":{"decimal":{"value":1}},"disabledValue":{"decimal":{"value":0}},"name":"L_Disableembeddedfiles","displayName":"Deshabilitar archivos incrustados","explainText":"Para deshabilitar la capacidad de incrustar archivos en una página de OneNote, de tal forma que los usuarios no puedan transmitir archivos que no pueda detectar un antivirus, etc. Nota: esta directiva solo limitará los archivos incrustados en la interfaz de usuario de OneNote; si una página tiene un archivo incrustado, OneNote seguirá sincronizando y replicando los archivos incrustados en el sistema de archivos.","tags":["L_Other","L_OneNoteOptions","L_MicrosoftOfficeOneNote"],"application":"onent16","key":"software\\microsoft\\office\\16.0\\onenote\\options","valueName":"disableembeddedfiles"},{"parentCategory":{"ref":"L_Other"},"supportedOn":{"ref":"windows:SUPPORTED_Windows7"},"enabledValue":{"decimal":{"value":1}},"disabledValue":{"decimal":{"value":0}},"name":"L_DisableOneNotescreenclippingnotifications","displayName":"Deshabilitar notificaciones de recorte de pantalla de OneNote","explainText":"Se desactivan todas las notificaciones de recorte de pantalla de OneNote.","tags":["L_Other","L_OneNoteOptions","L_MicrosoftOfficeOneNote"],"application":"onent16","key":"software\\microsoft\\office\\16.0\\onenote\\options\\other","valueName":"disablescreenclippingballoon"},{"parentCategory":{"ref":"L_Other"},"supportedOn":{"ref":"windows:SUPPORTED_Windows7"},"enabledValue":{"decimal":{"value":1}},"disabledValue":{"decimal":{"value":0}},"name":"L_DisableOneNoteScreenClippings","displayName":"Deshabilitar recortes de pantalla de OneNote","explainText":"Deshabilita la característica de recorte de pantalla en OneNote.","tags":["L_Other","L_OneNoteOptions","L_MicrosoftOfficeOneNote"],"application":"onent16","key":"software\\microsoft\\office\\16.0\\onenote\\options\\other","valueName":"disablescreenclippings"},{"parentCategory":{"ref":"L_Other"},"supportedOn":{"ref":"windows:SUPPORTED_Windows7"},"elements":{"items":[{"valueName":"inaccessibleserverdaysbeforewarn","minValue":0,"minValueSpecified":true,"maxValue":30,"maxValueSpecified":true,"inputType":"decimalTextBox","id":"L_empty14"}]},"name":"L_Numberofdaysbeforewarningthatserveris","displayName":"Número de días antes de la advertencia de que no hay acceso al servidor","explainText":"Establecer el número de días hasta que OneNote advierte que el servidor no está accesible y solicita una nueva ubicación de los archivos afectados.","tags":["L_Other","L_OneNoteOptions","L_MicrosoftOfficeOneNote"],"application":"onent16","key":"software\\microsoft\\office\\16.0\\onenote\\options\\synchronization"},{"parentCategory":{"ref":"L_Other"},"supportedOn":{"ref":"windows:SUPPORTED_Windows7"},"elements":{"items":[{"valueName":"sharepointsyncinterval","minValue":10,"minValueSpecified":true,"maxValue":604800,"maxValueSpecified":true,"inputType":"decimalTextBox","id":"L_empty15"}]},"name":"L_SharePointsyncinterval","displayName":"Intervalo de sincronización de SharePoint para los blocs de notas almacenados en SharePoint","explainText":"Limita el número de veces que OneNote sondea los cambios de una sección en SharePoint. Especifique el intervalo de sincronización en segundos.","tags":["L_Other","L_OneNoteOptions","L_MicrosoftOfficeOneNote"],"application":"onent16","key":"software\\microsoft\\office\\16.0\\onenote\\options\\save"},{"parentCategory":{"ref":"L_Other"},"supportedOn":{"ref":"windows:SUPPORTED_Windows7"},"elements":{"items":[{"valueName":"sharepointbackgroundsyncintervalmultiplier","minValue":1,"minValueSpecified":true,"maxValue":10,"maxValueSpecified":true,"inputType":"decimalTextBox","id":"L_empty16"}]},"name":"L_SharePointbackgroundsyncintervalmultiplier","displayName":"Multiplicador para el intervalo de sincronización en segundo plano para los blocs de notas almacenados en SharePoint","explainText":"Al configurar esta directiva se le permitirá aumentar el intervalo entre el que se realizan los sondeos de fondo de un sitio de SharePoint para realizar cambios en los blocs de notas.\n\nSi habilita la configuración de esta directiva, OneNote realizará sondeos en SharePoint con menor frecuencia para detectar cambios en los blocs de notas completos. Los intervalos se multiplican por el valor introducido, un valor entero positivo de 1 a 10. Intervalos más grandes ralentizarán la sincronización de los blocs de notas pero reducirán la carga del servidor.\n\nSi desactiva o no configura esta directiva, OneNote sincronizará los blocs de notas según la frecuencia predeterminada (valor del multiplicador de 1).\n\nNota: la configuración de esta directiva sólo se aplica a las versiones con licencia por volumen de Office 2016 que usan el servicio Windows Installer (MSI), como Office Professional Plus 2016 y Office Standard 2016.","tags":["L_Other","L_OneNoteOptions","L_MicrosoftOfficeOneNote"],"application":"onent16","key":"software\\microsoft\\office\\16.0\\onenote\\options\\save"},{"parentCategory":{"ref":"L_Other"},"supportedOn":{"ref":"windows:SUPPORTED_Windows7"},"elements":{"items":[{"valueName":"sharepointlivesyncintervalmultiplier","minValue":1,"minValueSpecified":true,"maxValue":10,"maxValueSpecified":true,"inputType":"decimalTextBox","id":"L_empty17"}]},"name":"L_SharePointlivesyncintervalmultiplier","displayName":"Multiplicador para el intervalo de sincronización en primer plano de la sección vista actualmente en SharePoint","explainText":"Al configurar esta directiva se le permitirá aumentar el intervalo entre las sondeos en primer plano de un sitio de SharePoint para los cambios en la sección vista actualmente.\n\nSi habilita la configuración de esta directiva, OneNote realizará sondeos a SharePoint con menos frecuencia para conocer los cambios en la sección que se está viendo actualmente. Los intervalos se multiplican por el valor introducido, un valor entero positivo de 1 a 10. Los intervalos más grandes harán que la sincronización de la sección sea más lenta pero reducirán la carga del servidor.\n\nSi desactiva o no configura esta opción de la directiva, OneNote sincronizará la sección vista actualmente a la frecuencia predeterminada (valor del multiplicador de 1).\n\nNota: esta configuración de directiva sólo se aplica a las versiones con licencia por volumen de Office 2016 que usan el servicio Windows Installer (MSI), como Office Professional Plus 2016 y Office Standard 2016.","tags":["L_Other","L_OneNoteOptions","L_MicrosoftOfficeOneNote"],"application":"onent16","key":"software\\microsoft\\office\\16.0\\onenote\\options\\save"},{"parentCategory":{"ref":"L_Other"},"supportedOn":{"ref":"windows:SUPPORTED_Windows7"},"elements":{"items":[{"valueName":"sharepointpresenceintervalmultiplier","minValue":1,"minValueSpecified":true,"maxValue":10,"maxValueSpecified":true,"inputType":"decimalTextBox","id":"L_empty18"}]},"name":"L_SharePointpresenceintervalmultiplier","displayName":"Multiplicador para el intervalo de sincronización de Presencia para los blocs de notas almacenados en SharePoint","explainText":"Al configurar esta directiva se le permitirá aumentar el intervalo entre el que se realizan los sondeos en SharePoint para determinar los usuarios activos de los blocs de notas. OneNote sincronizará los blocs de notas con mayor rapidez cuando otros usuarios estén en contacto con un bloc de notas.\n\nSi habilita la configuración de esta directiva, OneNote realizará sondeos en SharePoint con menor frecuencia para determinar si hay otros usuarios que interactúan actualmente con los blocs de notas. Los intervalos se multiplican por el valor introducido, un valor entero positivo de 1 a 10. Los intervalos más grandes harán más lenta la detección de usuarios concurrentes en los blocs de notas, pero reducirán la carga del servidor.\n\nSi desactiva o no configura esta directiva, OneNote realizará un sondeo para los usuarios activos de los blocs de notas según la frecuencia predeterminada (valor del multiplicador de 1).\n\nNota: esta configuración de directiva sólo se aplica a las versiones con licencia por volumen de Office 2016 que usan el servicio Windows Installer (MSI), como Office Professional Plus 2016 y Office Standard 2016.","tags":["L_Other","L_OneNoteOptions","L_MicrosoftOfficeOneNote"],"application":"onent16","key":"software\\microsoft\\office\\16.0\\onenote\\options\\save"},{"parentCategory":{"ref":"L_Other"},"supportedOn":{"ref":"windows:SUPPORTED_Windows7"},"elements":{"items":[{"item":[{"value":{"decimal":{"value":0}},"displayName":"Pulgada"},{"value":{"decimal":{"value":1}},"displayName":"Centímetro"},{"value":{"decimal":{"value":2}},"displayName":"Milímetro"},{"value":{"decimal":{"value":3}},"displayName":"Punto"},{"value":{"decimal":{"value":4}},"displayName":"Pica"}],"valueName":"measurementunit","inputType":"dropdownList","caption":"Especifique la unidad de medida predeterminada:","id":"L_Specifydefaultunitofmeasurement"}]},"name":"L_DefaultunitofmeasurementusedinOneNote","displayName":"Unidad de medida predeterminada usada en OneNote","explainText":"Establece el valor en la opción ''Unidades de medida''.","tags":["L_Other","L_OneNoteOptions","L_MicrosoftOfficeOneNote"],"application":"onent16","key":"software\\microsoft\\office\\16.0\\onenote\\options\\other"},{"parentCategory":{"ref":"L_Other"},"supportedOn":{"ref":"windows:SUPPORTED_Windows7"},"enabledValue":{"decimal":{"value":1}},"disabledValue":{"decimal":{"value":0}},"name":"L_AddOneNoteicontonotificationarea","displayName":"Agregar un icono de OneNote al área de notificación","explainText":"Activa o desactiva la opción ''Agregar el icono de OneNote en el área de notificación de la barra de tareas''.","tags":["L_Other","L_OneNoteOptions","L_MicrosoftOfficeOneNote"],"application":"onent16","key":"software\\microsoft\\office\\16.0\\onenote\\options\\other","valueName":"runsystemtrayapp"},{"parentCategory":{"ref":"L_Other"},"supportedOn":{"ref":"windows:SUPPORTED_Windows7"},"enabledValue":{"decimal":{"value":0}},"disabledValue":{"decimal":{"value":1}},"name":"L_NotebookPresence","displayName":"Presencia de bloc de notas","explainText":"Esta configuración de directiva habilita o deshabilita la característica de presencia de los blocs de notas de OneNote, que transmite la presencia de un usuario en un bloc de notas y permite la sincronización en tiempo real para los usuarios que estén modificando la misma página. Nota: los cambios realizados en esta directiva no se aplicarán hasta que se reinicie OneNote.\n\nSi habilita esta configuración de directiva o no la define, los usuarios recibirán una notificación cuando modifiquen la misma página del bloc de notas que otro usuario. OneNote también activará la sincronización en tiempo real cuando detecte que hay varios usuarios modificando la misma página. \n\nSi deshabilita esta configuración de directiva, los usuarios no recibirán ninguna notificación cuando modifiquen la misma página de un bloc de notas que otro usuario. OneNote no activará la sincronización en tiempo real cuando varios usuarios estén modificando la misma página.","tags":["L_Other","L_OneNoteOptions","L_MicrosoftOfficeOneNote"],"application":"onent16","key":"software\\microsoft\\office\\16.0\\onenote\\options","valueName":"disablepresence"},{"parentCategory":{"ref":"L_Other"},"supportedOn":{"ref":"windows:SUPPORTED_Windows7"},"elements":{"items":[{"valueName":"insertedfilesdisallowembeddingsizethreshold","minValue":10485760,"minValueSpecified":true,"maxValue":2147483648,"maxValueSpecified":true,"inputType":"decimalTextBox","id":"L_EmbeddedFileSizeLimit"}]},"name":"L_SpecifyEmbeddedFileSizeLimit","displayName":"Límite de tamaño de archivo incrustado","explainText":"Esta configuración de directiva permite especificar el tamaño máximo de los archivos insertados que los usuarios pueden insertar directamente en un bloc de notas de OneNote en un servidor de SharePoint.\n\nSi habilita esta configuración de directiva, puede aumentar o disminuir el tamaño de archivo máximo predeterminado de 50 MB.\n\nSi aumenta el valor, los usuarios podrán insertar archivos de mayor tamaño directamente en el bloc de notas, pero esto puede reducir el rendimiento del servidor. \n\nSi disminuye el valor, los usuarios solo podrán insertar archivos más pequeños directamente en el bloc de notas, lo que puede mejorar el rendimiento del servidor si la sincronización OneNote está generando mucho tráfico.\n\nSi deshabilita o no configura la configuración de directiva, los usuarios no podrán insertar un archivo mayor de 50 MB en un bloc de notas de OneNote. En su lugar, el archivo se cargará en una carpeta de SharePoint y se insertará como un hipervínculo en el bloc de notas.","tags":["L_Other","L_OneNoteOptions","L_MicrosoftOfficeOneNote"],"application":"onent16","key":"software\\microsoft\\office\\16.0\\onenote\\general"},{"parentCategory":{"ref":"L_Other"},"supportedOn":{"ref":"windows:SUPPORTED_Windows_6_3_NOARM"},"enabledValue":{"decimal":{"value":1}},"disabledValue":{"decimal":{"value":0}},"name":"L_DisableSupportDiagnostics","displayName":"Desactivar diagnósticos de soporte técnico en OneNote","explainText":"Esta configuración de directiva controla si OneNote envía información de cliente a los servicios de soporte técnico en caso de error.\n\nEnviar información de cliente a los servicios de soporte técnico en caso de error puede ayudar a diagnosticar el problema, proporcionar pasos de resolución o mostrar mensajes de error contextuales al usuario.\n\nSi habilita esta configuración de directiva, OneNote no enviará información de cliente a los servicios de soporte técnico en caso de error.\n\nSi deshabilita o no establece esta configuración de directiva, OneNote enviará información de cliente a los servicios de soporte técnico en caso de error.\n\nNota: esta configuración de directiva solo se aplica a la versión 2207 y posteriores de OneNote.","tags":["L_Other","L_OneNoteOptions","L_MicrosoftOfficeOneNote"],"application":"onent16","key":"software\\microsoft\\office\\16.0\\onenote\\general","valueName":"disablesupportdiagnostics"},{"parentCategory":{"ref":"L_Editing"},"supportedOn":{"ref":"windows:SUPPORTED_Windows7"},"enabledValue":{"decimal":{"value":1}},"disabledValue":{"decimal":{"value":0}},"name":"L_OneNoteTextPrediction","displayName":"Predicción de texto de OneNote","explainText":"\nEsta configuración de directiva controla si los usuarios verán y podrán aceptar predicciones de texto al escribir notas en inglés en OneNote.\n\nSi habilita o no establece esta configuración de directiva, los usuarios verán y podrán aceptar texto predicho con la tecla Tab o la tecla de flecha derecha mientras escriben sus notas. O simplemente pueden seguir escribiendo para omitir el texto predicho.\n\nSi deshabilita esta configuración de directiva, los usuarios no podrán ver ni aceptar predicciones de texto al escribir notas.\n\nNota: Esta configuración de directiva solo se aplica a las versiones de suscripción de Office, como Microsoft 365 Apps para empresas.\n      ","tags":["L_Editing","L_OneNoteOptions","L_MicrosoftOfficeOneNote"],"application":"onent16","key":"software\\microsoft\\office\\16.0\\onenote\\options\\editing","valueName":"textprediction"},{"parentCategory":{"ref":"L_Advanced"},"supportedOn":{"ref":"windows:SUPPORTED_Windows7"},"enabledList":[{"value":{"string":"true"},"valueName":"Microsoft.Office.UXPlatform.FluentSVRefresh"},{"value":{"string":"true"},"valueName":"Microsoft.Office.UXPlatform.RibbonTouchOptimization"},{"value":{"string":"true"},"valueName":"Microsoft.Office.UXPlatform.FluentSVRibbonOptionsMenu"}],"disabledList":[{"value":{"string":"false"},"valueName":"Microsoft.Office.UXPlatform.FluentSVRefresh"},{"value":{"string":"false"},"valueName":"Microsoft.Office.UXPlatform.RibbonTouchOptimization"},{"value":{"string":"false"},"valueName":"Microsoft.Office.UXPlatform.FluentSVRibbonOptionsMenu"}],"name":"L_onenoteVisualRefresh","displayName":"Configuración de la actualización visual","explainText":"Activar o desactivar la actualización visual. puede no funcionar en algunas versiones de Office.\n\nDatos proporcionados por Office Tool Plus.","tags":["L_Advanced"],"application":"onent16","key":"Software\\Microsoft\\Office\\16.0\\Common\\ExperimentConfigs\\ExternalFeatureOverrides\\onenote"}]}