{"categories":[{"name":"L_MicrosoftOfficeOneNote","displayName":"Microsoft OneNote 2016"},{"parentCategory":{"ref":"L_MicrosoftOfficeOneNote"},"name":"L_OneNoteOptions","displayName":"Opties voor OneNote"},{"parentCategory":{"ref":"L_OneNoteOptions"},"name":"L_Display","displayName":"Weergave"},{"parentCategory":{"ref":"L_OneNoteOptions"},"name":"L_Editing","displayName":"Bewerken"},{"parentCategory":{"ref":"L_OneNoteOptions"},"name":"L_Pen","displayName":"Pen"},{"parentCategory":{"ref":"L_OneNoteOptions"},"name":"L_Email","displayName":"E-mail"},{"parentCategory":{"ref":"L_OneNoteOptions"},"name":"L_Security","displayName":"Beveiliging"},{"parentCategory":{"ref":"L_Security"},"name":"L_Cryptography","displayName":"Cryptografie"},{"parentCategory":{"ref":"L_OneNoteOptions"},"name":"L_NoteFlags","displayName":"Notitievlaggen"},{"parentCategory":{"ref":"L_OneNoteOptions"},"name":"L_AudioandVideo","displayName":"Audio en video"},{"parentCategory":{"ref":"L_OneNoteOptions"},"name":"L_Save","displayName":"Opslaan"},{"parentCategory":{"ref":"L_OneNoteOptions"},"name":"L_Password","displayName":"Wachtwoord"},{"parentCategory":{"ref":"L_OneNoteOptions"},"name":"L_Backup","displayName":"Back-up"},{"parentCategory":{"ref":"L_OneNoteOptions"},"name":"L_SendToOneNote","displayName":"Verzenden naar OneNote"},{"parentCategory":{"ref":"L_OneNoteOptions"},"name":"L_Addins","displayName":"Invoegtoepassingen"},{"parentCategory":{"ref":"L_OneNoteOptions"},"name":"L_Spelling","displayName":"Spelling"},{"parentCategory":{"ref":"L_OneNoteOptions"},"name":"L_VersionsAndRecyleBin","displayName":"Versies en Prullenbak"},{"parentCategory":{"ref":"L_OneNoteOptions"},"name":"L_Other","displayName":"Overige"}],"policies":[{"parentCategory":{"ref":"L_Display"},"supportedOn":{"ref":"windows:SUPPORTED_Windows7"},"elements":{"items":[{"item":[{"value":{"decimal":{"value":0}},"displayName":"Rechts"},{"value":{"decimal":{"value":1}},"displayName":"Links"}],"valueName":"pagetabsonleft","inputType":"dropdownList","caption":"Geef de locatie op van het besturingselement van de paginatab:","id":"L_Specifylocationofthepagetabcontrol"}]},"name":"L_Pagetabsappearontheleft","displayName":"Paginatabs worden links weergegeven","explainText":"Rechts: hiermee wordt de optie Paginatabs worden links weergegeven uitgeschakeld. | Links: hiermee wordt de optie Paginatabs worden links weergegeven ingeschakeld.","tags":["L_Display","L_OneNoteOptions","L_MicrosoftOfficeOneNote"],"application":"onent16","key":"software\\microsoft\\office\\16.0\\onenote\\options\\other"},{"parentCategory":{"ref":"L_Display"},"supportedOn":{"ref":"windows:SUPPORTED_Windows7"},"enabledValue":{"decimal":{"value":1}},"disabledValue":{"decimal":{"value":0}},"name":"L_Verticalscrollbarappearsonleft","displayName":"Verticale schuifbalk wordt links weergegeven","explainText":"Schakelt de bijbehorende gebruikersinterface-optie in/uit.","tags":["L_Display","L_OneNoteOptions","L_MicrosoftOfficeOneNote"],"application":"onent16","key":"software\\microsoft\\office\\16.0\\onenote\\options\\other","valueName":"vertscrollbaronleft"},{"parentCategory":{"ref":"L_Display"},"supportedOn":{"ref":"windows:SUPPORTED_Windows7"},"enabledValue":{"decimal":{"value":1}},"disabledValue":{"decimal":{"value":0}},"name":"L_ShowNoteContainers","displayName":"Notitiecontainers weergeven","explainText":"Schakelt de bijbehorende gebruikersinterface-optie in/uit.","tags":["L_Display","L_OneNoteOptions","L_MicrosoftOfficeOneNote"],"application":"onent16","key":"software\\microsoft\\office\\16.0\\onenote\\options\\other","valueName":"shownotecontainers"},{"parentCategory":{"ref":"L_Display"},"supportedOn":{"ref":"windows:SUPPORTED_Windows7"},"enabledValue":{"decimal":{"value":0}},"disabledValue":{"decimal":{"value":1}},"name":"L_Navigationbarappearsontheright","displayName":"Navigatiebalk wordt aan de rechterkant weergegeven","explainText":"Met deze optie geeft u aan waar de navigatiebalk wordt weergegeven.","tags":["L_Display","L_OneNoteOptions","L_MicrosoftOfficeOneNote"],"application":"onent16","key":"software\\microsoft\\office\\16.0\\onenote\\options\\other","valueName":"navbaronleft"},{"parentCategory":{"ref":"L_Editing"},"supportedOn":{"ref":"windows:SUPPORTED_Windows7"},"enabledValue":{"decimal":{"value":0}},"disabledValue":{"decimal":{"value":1}},"name":"L_TurnOffLinkCreationWith","displayName":"Koppeling maken met [[ ]] uitschakelen","explainText":"Met deze beleidsinstelling kunt u het maken van koppelingen met [[ ]] uitschakelen.  Gebruikers kunnen in OneNote automatisch koppelingen maken door [[ ]] rond een term te plaatsen.  Er wordt vervolgens automatisch een nieuwe pagina gemaakt in die sectie en er wordt een koppeling naar die tekst gemaakt.\n\nAls u deze beleidsinstelling inschakelt, kunnen gebruikers [[ ]] niet gebruiken om een koppeling en een nieuwe pagina te maken.\n\nAls u deze beleidsinstelling uitschakelt of niet configureert, worden er in OneNote automatisch koppelingen gemaakt wanneer gebruikers [[ ]] gebruiken.","tags":["L_Editing","L_OneNoteOptions","L_MicrosoftOfficeOneNote"],"application":"onent16","key":"software\\microsoft\\office\\16.0\\onenote\\options\\editing","valueName":"wikilink"},{"parentCategory":{"ref":"L_Editing"},"supportedOn":{"ref":"windows:SUPPORTED_Windows7"},"enabledValue":{"decimal":{"value":0}},"disabledValue":{"decimal":{"value":1}},"name":"L_Turnoffautocalculator","displayName":"Automatische rekenmachine uitschakelen","explainText":"Met deze optie schakelt u de automatische rekenmachine in of uit.","tags":["L_Editing","L_OneNoteOptions","L_MicrosoftOfficeOneNote"],"application":"onent16","key":"software\\microsoft\\office\\16.0\\onenote\\options\\editing","valueName":"autocalculate"},{"parentCategory":{"ref":"L_Editing"},"supportedOn":{"ref":"windows:SUPPORTED_Windows7"},"enabledValue":{"decimal":{"value":1}},"disabledValue":{"decimal":{"value":0}},"name":"L_ShowPasteOptionsbuttons","displayName":"Knoppen voor plakopties weergeven","explainText":"Schakelt de bijbehorende gebruikersinterface-optie in/uit.","tags":["L_Editing","L_OneNoteOptions","L_MicrosoftOfficeOneNote"],"application":"onent16","key":"software\\microsoft\\office\\16.0\\onenote\\options\\other","valueName":"pasteooui"},{"parentCategory":{"ref":"L_Editing"},"supportedOn":{"ref":"windows:SUPPORTED_Windows7"},"enabledValue":{"decimal":{"value":1}},"disabledValue":{"decimal":{"value":0}},"name":"L_AutoNumberingRecognition","displayName":"Automatische herkenning van nummering","explainText":"Hiermee wordt de optie 'Automatisch nummering toepassen op lijsten' in- of uitgeschakeld.","tags":["L_Editing","L_OneNoteOptions","L_MicrosoftOfficeOneNote"],"application":"onent16","key":"software\\microsoft\\office\\16.0\\onenote\\options\\editing","valueName":"numbering auto reco"},{"parentCategory":{"ref":"L_Editing"},"supportedOn":{"ref":"windows:SUPPORTED_Windows7"},"enabledValue":{"decimal":{"value":1}},"disabledValue":{"decimal":{"value":0}},"name":"L_AutoBulletRecognition","displayName":"Automatische herkenning van opsommingstekens","explainText":"Hiermee wordt de optie 'Automatisch opsommingstekens toepassen op lijsten' in- of uitgeschakeld.","tags":["L_Editing","L_OneNoteOptions","L_MicrosoftOfficeOneNote"],"application":"onent16","key":"software\\microsoft\\office\\16.0\\onenote\\options\\editing","valueName":"bullet auto reco"},{"parentCategory":{"ref":"L_Editing"},"supportedOn":{"ref":"windows:SUPPORTED_Windows7"},"elements":{"items":[{"valueName":"defaultfontface","requiredSpecified":false,"expandableSpecified":false,"maxLength":2147483647,"maxLengthSpecified":false,"inputType":"textBox","caption":"Lettertype:","id":"L_Font"}]},"name":"L_DefaultFontName","displayName":"Standaardlettertype","explainText":"Hiermee geeft u de waarde op voor de optie Lettertype.","tags":["L_Editing","L_OneNoteOptions","L_MicrosoftOfficeOneNote"],"application":"onent16","key":"software\\microsoft\\office\\16.0\\onenote\\options\\editing"},{"parentCategory":{"ref":"L_Editing"},"supportedOn":{"ref":"windows:SUPPORTED_Windows7"},"elements":{"items":[{"valueName":"defaultfontsize","requiredSpecified":false,"expandableSpecified":false,"maxLength":2147483647,"maxLengthSpecified":false,"inputType":"textBox","caption":"Tekengrootte:","id":"L_FontSize"}]},"name":"L_DefaultFontSize","displayName":"Standaardtekengrootte","explainText":"Hiermee geeft u de waarde op voor de optie Grootte.","tags":["L_Editing","L_OneNoteOptions","L_MicrosoftOfficeOneNote"],"application":"onent16","key":"software\\microsoft\\office\\16.0\\onenote\\options\\editing"},{"parentCategory":{"ref":"L_Editing"},"supportedOn":{"ref":"windows:SUPPORTED_Windows7"},"enabledValue":{"decimal":{"value":1}},"disabledValue":{"decimal":{"value":0}},"name":"L_AutoKeyboardSwitching","displayName":"Automatisch schakelen tussen toetsenborden","explainText":"Hiermee wordt de optie 'Automatisch schakelen tussen toetsenborden' in- of uitgeschakeld.","tags":["L_Editing","L_OneNoteOptions","L_MicrosoftOfficeOneNote"],"application":"onent16","key":"software\\microsoft\\office\\16.0\\onenote\\options\\language","valueName":"autokeyboard"},{"parentCategory":{"ref":"L_Editing"},"supportedOn":{"ref":"windows:SUPPORTED_Windows7"},"enabledValue":{"decimal":{"value":1}},"disabledValue":{"decimal":{"value":0}},"name":"L_IncludelinktosourcewhenpastingfromtheInternet","displayName":"Koppeling naar bron opnemen bij plakken vanaf internet","explainText":"Schakelt de bijbehorende gebruikersinterface-optie in/uit.","tags":["L_Editing","L_OneNoteOptions","L_MicrosoftOfficeOneNote"],"application":"onent16","key":"software\\microsoft\\office\\16.0\\onenote\\options\\editing","valueName":"pasteincludeurl"},{"parentCategory":{"ref":"L_Pen"},"supportedOn":{"ref":"windows:SUPPORTED_Windows7"},"enabledValue":{"decimal":{"value":1}},"disabledValue":{"decimal":{"value":0}},"name":"L_DisableScratchout","displayName":"Doorstrepen uitschakelen","explainText":"Hiermee schakelt u de doorstreepbeweging uit voor handschrift.","tags":["L_Pen","L_OneNoteOptions","L_MicrosoftOfficeOneNote"],"application":"onent16","key":"software\\microsoft\\office\\16.0\\onenote\\options\\pen","valueName":"disablescratchout"},{"parentCategory":{"ref":"L_Pen"},"supportedOn":{"ref":"windows:SUPPORTED_Windows7"},"enabledValue":{"decimal":{"value":1}},"disabledValue":{"decimal":{"value":0}},"name":"L_Createallnewpageswithrulelines","displayName":"Alle nieuwe pagina's maken met regellijnen","explainText":"Schakelt de bijbehorende gebruikersinterface-optie in/uit.","tags":["L_Pen","L_OneNoteOptions","L_MicrosoftOfficeOneNote"],"application":"onent16","key":"software\\microsoft\\office\\16.0\\onenote\\options\\pen","valueName":"userulelines"},{"parentCategory":{"ref":"L_Pen"},"supportedOn":{"ref":"windows:SUPPORTED_Windows7"},"enabledValue":{"decimal":{"value":1}},"disabledValue":{"decimal":{"value":0}},"name":"L_Usepenpressuresensitivity","displayName":"Drukgevoeligheid van pen gebruiken","explainText":"Schakelt de bijbehorende gebruikersinterface-optie in/uit.","tags":["L_Pen","L_OneNoteOptions","L_MicrosoftOfficeOneNote"],"application":"onent16","key":"software\\microsoft\\office\\16.0\\onenote\\options\\pen","valueName":"inkpressure"},{"parentCategory":{"ref":"L_Pen"},"supportedOn":{"ref":"windows:SUPPORTED_Windows7"},"enabledValue":{"decimal":{"value":1}},"disabledValue":{"decimal":{"value":0}},"name":"L_AutomaticallyswitchbetweenPenandSelectionTool","displayName":"Automatisch schakelen tussen Pen en Selectievak","explainText":"Schakelt de bijbehorende gebruikersinterface-optie in/uit.","tags":["L_Pen","L_OneNoteOptions","L_MicrosoftOfficeOneNote"],"application":"onent16","key":"software\\microsoft\\office\\16.0\\onenote\\options\\pen","valueName":"automodeswitch"},{"parentCategory":{"ref":"L_Pen"},"supportedOn":{"ref":"windows:SUPPORTED_Windows7"},"enabledValue":{"decimal":{"value":1}},"disabledValue":{"decimal":{"value":0}},"name":"L_ShowTabletPCInputPanelonOneNotepages","displayName":"Tablet PC Invoerpaneel weergeven op OneNote-pagina's","explainText":"Schakel dit beleid in om het Tablet PC Invoerpaneel weer te geven op OneNote-pagina's.","tags":["L_Pen","L_OneNoteOptions","L_MicrosoftOfficeOneNote"],"application":"onent16","key":"software\\microsoft\\office\\16.0\\onenote\\options\\pen","valueName":"showtabletpcinputpanel"},{"parentCategory":{"ref":"L_Email"},"supportedOn":{"ref":"windows:SUPPORTED_Windows7"},"enabledValue":{"decimal":{"value":1}},"disabledValue":{"decimal":{"value":0}},"name":"L_AttachEmbeddedFilesToTheEmail","displayName":"Ingesloten bestanden als aparte bestanden toevoegen aan het e-mailbericht","explainText":"Met deze beleidsinstelling kunt u de optie Ingesloten bestanden als aparte bestanden toevoegen aan het e-mailbericht configureren. Deze optie kunt u vinden door naar het tabblad Bestand | Opties | Geavanceerd | E-mail verzonden vanuit OneNote te gaan.\n\nAls u deze beleidsinstelling inschakelt of niet configureert, worden ingesloten bestanden als afzonderlijke bestanden toegevoegd aan het e-mailbericht.\n\nAls u deze beleidsinstelling uitschakelt, worden ingesloten bestanden niet als afzonderlijke bestanden toegevoegd aan het e-mailbericht.","tags":["L_Email","L_OneNoteOptions","L_MicrosoftOfficeOneNote"],"application":"onent16","key":"software\\microsoft\\office\\16.0\\onenote\\options","valueName":"email embedded files"},{"parentCategory":{"ref":"L_Email"},"supportedOn":{"ref":"windows:SUPPORTED_Windows7"},"enabledValue":{"decimal":{"value":1}},"disabledValue":{"decimal":{"value":0}},"name":"L_AllowOneNoteemailattachments","displayName":"E-mailbijlagen in OneNote toestaan","explainText":"Hiermee wordt de optie 'Een kopie van de oorspronkelijke notities toevoegen als OneNote-bestand' in- of uitgeschakeld.","tags":["L_Email","L_OneNoteOptions","L_MicrosoftOfficeOneNote"],"application":"onent16","key":"software\\microsoft\\office\\16.0\\onenote\\options","valueName":"email attachment"},{"parentCategory":{"ref":"L_Email"},"supportedOn":{"ref":"windows:SUPPORTED_Windows7"},"enabledValue":{"decimal":{"value":1}},"disabledValue":{"decimal":{"value":0}},"name":"L_AddsignaturetoOneNoteemailmessages","displayName":"Handtekening toevoegen aan e-mailberichten in OneNote","explainText":"Hiermee wordt de optie 'De volgende handtekening toevoegen aan e-mailberichten en webpagina's die zijn gemaakt in OneNote' in- of uitgeschakeld.","tags":["L_Email","L_OneNoteOptions","L_MicrosoftOfficeOneNote"],"application":"onent16","key":"software\\microsoft\\office\\16.0\\onenote\\options\\other","valueName":"emailsignature"},{"parentCategory":{"ref":"L_Email"},"supportedOn":{"ref":"windows:SUPPORTED_Windows7"},"elements":{"items":[{"valueName":"signature","requiredSpecified":false,"expandableSpecified":false,"maxLength":2147483647,"maxLengthSpecified":false,"inputType":"textBox","caption":"Handtekening invoeren die moet worden gebruikt voor e-mail in OneNote","id":"L_EntersignaturetouseforOneNoteemail"}]},"name":"L_UsethissignatureforOneNoteemail","displayName":"Deze handtekening gebruiken voor e-mail in OneNote","explainText":"Hiermee stelt u de waarde voor de optie De volgende handtekening toevoegen aan e-mailberichten en webpagina's die zijn gemaakt in OneNote in.","tags":["L_Email","L_OneNoteOptions","L_MicrosoftOfficeOneNote"],"application":"onent16","key":"software\\microsoft\\office\\16.0\\onenote\\options\\other"},{"parentCategory":{"ref":"L_NoteFlags"},"supportedOn":{"ref":"windows:SUPPORTED_Windows7"},"enabledValue":{"decimal":{"value":1}},"disabledValue":{"decimal":{"value":0}},"name":"L_Copyitemswhenmovingthem","displayName":"Items kopiëren wanneer ze worden verplaatst","explainText":"Met deze beleidsinstelling kunt u gemarkeerde notities configureren.\n\nAls u deze beleidsinstelling inschakelt of niet configureert, wordt de optie Oorspronkelijke gemarkeerde notities ongewijzigd laten ingeschakeld.\n\nAls u deze beleidsinstelling uitschakelt, wordt de optie Oorspronkelijke gemarkeerde notities licht gekleurd weergeven ingeschakeld.","tags":["L_NoteFlags","L_OneNoteOptions","L_MicrosoftOfficeOneNote"],"application":"onent16","key":"software\\microsoft\\office\\16.0\\onenote\\options\\other","valueName":"duplicatenoteflag"},{"parentCategory":{"ref":"L_NoteFlags"},"supportedOn":{"ref":"windows:SUPPORTED_Windows7"},"enabledValue":{"decimal":{"value":1}},"disabledValue":{"decimal":{"value":0}},"name":"L_ShowDimmedTaggedNotesInTheTagsSummaryTaskPane","displayName":"Licht gekleurde gemarkeerde notities weergeven in het deelvenster Overzicht van labels","explainText":"Hiermee wordt de optie 'Licht gekleurde gemarkeerde notities weergeven in het deelvenster Overzicht van labels' in- of uitgeschakeld.","tags":["L_NoteFlags","L_OneNoteOptions","L_MicrosoftOfficeOneNote"],"application":"onent16","key":"software\\microsoft\\office\\16.0\\onenote\\options\\other","valueName":"showinactivenoteflag"},{"parentCategory":{"ref":"L_AudioandVideo"},"supportedOn":{"ref":"windows:SUPPORTED_Windows7"},"enabledValue":{"decimal":{"value":0}},"disabledValue":{"decimal":{"value":1}},"name":"L_Disableaudosearch","displayName":"Audio-opnamen doorzoeken uitschakelen","explainText":"Hiermee schakelt u de functie audio-opnamen doorzoeken uit in OneNote.","tags":["L_AudioandVideo","L_OneNoteOptions","L_MicrosoftOfficeOneNote"],"application":"onent16","key":"software\\microsoft\\office\\16.0\\onenote\\options\\other","valueName":"enableaudiosearch"},{"parentCategory":{"ref":"L_AudioandVideo"},"supportedOn":{"ref":"windows:SUPPORTED_Windows7"},"enabledValue":{"decimal":{"value":1}},"disabledValue":{"decimal":{"value":0}},"name":"L_DisableLinkedAudiofeature","displayName":"Functie Gekoppelde audio uitschakelen","explainText":"Met deze beleidsinstelling kunt u de opdrachten Audio opnemen en Video opnemen op het tabblad Invoegen configureren.\n\nAls u deze beleidsinstelling inschakelt, zijn de opdrachten niet beschikbaar.\n\nAls u dit beleid uitschakelt of niet configureert, zijn de opdrachten wel beschikbaar.","tags":["L_AudioandVideo","L_OneNoteOptions","L_MicrosoftOfficeOneNote"],"application":"onent16","key":"software\\microsoft\\office\\16.0\\onenote\\options\\audio","valueName":"disablerecording"},{"parentCategory":{"ref":"L_AudioandVideo"},"supportedOn":{"ref":"windows:SUPPORTED_Windows7"},"elements":{"items":[{"valueName":"defaultbitdepth","minValue":8,"minValueSpecified":true,"maxValue":48,"maxValueSpecified":true,"inputType":"decimalTextBox","caption":"Bits:","id":"L_Bits"}]},"name":"L_Specifynumberofbitstosamplewhenrecording","displayName":"Aantal bits opgeven dat moet worden gesampled bij het opnemen","explainText":"Hiermee geeft u het standaardaantal bits per sample (waarde is in kbps) op dat wordt gebruikt bij het opnemen van audio. Als de juiste codec wordt gevonden, is dit de standaardbitdiepte die wordt gebruikt in de instelling Indeling voor Gekoppelde audio die u kunt vinden door naar het tabblad Bestand | Opties | Audio en video te gaan.","tags":["L_AudioandVideo","L_OneNoteOptions","L_MicrosoftOfficeOneNote"],"application":"onent16","key":"software\\microsoft\\office\\16.0\\onenote\\options\\audio"},{"parentCategory":{"ref":"L_AudioandVideo"},"supportedOn":{"ref":"windows:SUPPORTED_Windows7"},"elements":{"items":[{"valueName":"defaultsamplerate","minValue":8,"minValueSpecified":true,"maxValue":192,"maxValueSpecified":true,"inputType":"decimalTextBox","caption":"Bits/seconde:","id":"L_BitsSecond"}]},"name":"L_Specifyratetosampleaudiobitssecond","displayName":"Rate voor het samplen van audio opgeven (bits/seconde)","explainText":"Hiermee geeft u de standaardsamplefrequentie op (waarde is in kHz) die wordt gebruikt bij het opnemen van audio. Als de juiste codec wordt gevonden, is dit de standaardsamplefrequentie die wordt gebruikt in de instelling Indeling voor Gekoppelde audio die u kunt vinden door naar het tabblad Bestand | Opties | Audio en video te gaan.","tags":["L_AudioandVideo","L_OneNoteOptions","L_MicrosoftOfficeOneNote"],"application":"onent16","key":"software\\microsoft\\office\\16.0\\onenote\\options\\audio"},{"parentCategory":{"ref":"L_AudioandVideo"},"supportedOn":{"ref":"windows:SUPPORTED_Windows7"},"elements":{"items":[{"valueName":"defaultchannels","minValue":1,"minValueSpecified":true,"maxValue":2,"maxValueSpecified":true,"inputType":"decimalTextBox","caption":"Kanalen (1-2):","id":"L_Channels12"}]},"name":"L_Specifynumberofchannelstorecord","displayName":"Aantal kanalen opgeven voor opnemen","explainText":"Hiermee geeft u op of er 1 of 2 kanalen worden gebruikt bij het opnemen van audio. Als de juiste codec wordt gevonden, is dit het standaardaantal kanalen dat wordt gebruikt in de instelling Indeling voor Gekoppelde audio die u kunt vinden door naar het tabblad Bestand | Opties | Audio en video te gaan.","tags":["L_AudioandVideo","L_OneNoteOptions","L_MicrosoftOfficeOneNote"],"application":"onent16","key":"software\\microsoft\\office\\16.0\\onenote\\options\\audio"},{"parentCategory":{"ref":"L_AudioandVideo"},"supportedOn":{"ref":"windows:SUPPORTED_Windows7"},"elements":{"items":[{"valueName":"rewind","minValue":0,"minValueSpecified":true,"maxValue":999,"maxValueSpecified":true,"inputType":"decimalTextBox","caption":"Terugspoelen vanaf het begin van de alinea met: (sec)","id":"L_Rewindfromstartofparagraphbysec"}]},"name":"L_Rewindfromstartofparagraphbythefollowingnumberofseconds","displayName":"Aantal seconden terugspoelen vanaf het begin van de alinea","explainText":"Hiermee stelt u de waarde voor de bijbehorende gebruikersinterface-optie in.","tags":["L_AudioandVideo","L_OneNoteOptions","L_MicrosoftOfficeOneNote"],"application":"onent16","key":"software\\microsoft\\office\\16.0\\onenote\\options\\audio"},{"parentCategory":{"ref":"L_AudioandVideo"},"supportedOn":{"ref":"windows:SUPPORTED_Windows7"},"elements":{"items":[{"item":[{"value":{"string":"Windows Media Video 8 for Color Pocket PCs (150 Kbps)"},"displayName":"Color Pocket-pc's (150 kbps)"},{"value":{"string":"Windows Media Video 8 for Dial-up Modems or Single-channel ISDN (28.8 to 56 Kbps)"},"displayName":"Inbelmodems of ISDN via één kanaal (28,8 tot 56 kbps)"},{"value":{"string":"Windows Media Video 8 for LAN, Cable Modem, or xDSL (100 to 768 Kbps)"},"displayName":"LAN, kabelmodem of xDSL (100 tot 768 kbps)"},{"value":{"string":"Windows Media Video 8 for Dial-up Modems or LAN (28.8 to 100 Kbps)"},"displayName":"Inbelmodems of LAN (28,8 tot 100 kbps)"},{"value":{"string":"Windows Media Video 8 for Dial-up Modems (28.8 Kbps)"},"displayName":"Inbelmodems (28,8 kbps)"},{"value":{"string":"Windows Media Video 8 for Dial-up Modems (56 Kbps)"},"displayName":"Inbelmodems (56 kbps)"},{"value":{"string":"Windows Media Video 8 for Local Area Network (100 Kbps)"},"displayName":"LAN (100 kbps)"},{"value":{"string":"Windows Media Video 8 for Local Area Network (256 Kbps)"},"displayName":"LAN (256 kbps)"},{"value":{"string":"Windows Media Video 8 for Local Area Network (384 Kbps)"},"displayName":"LAN (384 kbps)"},{"value":{"string":"Windows Media Video 8 for Broadband (NTSC, 700 Kbps)"},"displayName":"Breedband (NTSC, 700 kbps)"},{"value":{"string":"Windows Media Video 8 for Broadband (NTSC, 1400 Kbps)"},"displayName":"Breedband (NTSC, 1400 kbps)"},{"value":{"string":"Windows Media Video 8 for Broadband (PAL, 384 Kbps)"},"displayName":"Breedband (PAL, 384 kbps)"},{"value":{"string":"Windows Media Video 8 for Broadband (PAL, 700 Kbps)"},"displayName":"Breedband (PAL, 700 kbps)"}],"valueName":"videocaptureprofile","inputType":"dropdownList","caption":"Kies de codec Windows Media Video 8:","id":"L_ChoosetheWindowsMediaVideo8codec"}]},"name":"L_ChoosedefaultcodectobeusedforVideonotebook","displayName":"Standaardcodec kiezen die moet worden gebruikt voor video in notitieblokken","explainText":"Met deze optie wordt de standaardcodec ingesteld die in OneNote wordt gebruikt voor video-opnamen die zijn gemaakt in OneNote.","tags":["L_AudioandVideo","L_OneNoteOptions","L_MicrosoftOfficeOneNote"],"application":"onent16","key":"software\\microsoft\\office\\16.0\\onenote\\options\\audio"},{"parentCategory":{"ref":"L_Cryptography"},"supportedOn":{"ref":"windows:SUPPORTED_Windows7"},"elements":{"items":[{"valueName":"cipheralgorithm","required":true,"requiredSpecified":true,"expandableSpecified":false,"maxLength":2147483647,"maxLengthSpecified":false,"inputType":"textBox","caption":"CNG-versleutelingsalgoritme:","id":"L_SetCNGCipherAlgorithmID"}]},"name":"L_SetCNGCipherAlgorithm","displayName":"CNG-versleutelingsalgoritme instellen","explainText":"Met deze beleidsinstelling kunt u het CNG-versleutelingsalgoritme configureren dat wordt gebruikt.\n\nAls u deze beleidsinstelling inschakelt, wordt de opgegeven code gebruikt als het een ondersteund algoritme is.\n\nAls u deze beleidsinstelling uitschakelt of niet configureert, wordt AES gebruikt.","tags":["L_Cryptography","L_Security","L_OneNoteOptions","L_MicrosoftOfficeOneNote"],"application":"onent16","key":"software\\microsoft\\office\\16.0\\onenote\\security\\crypto"},{"parentCategory":{"ref":"L_Cryptography"},"supportedOn":{"ref":"windows:SUPPORTED_Windows7"},"elements":{"items":[{"item":[{"value":{"string":"ChainingModeCBC"},"displayName":"CBC (Cipher Block Chaining)"},{"value":{"string":"ChainingModeCFB"},"displayName":"Cipher Feedback (CFB)"}],"valueName":"cipherchaining","inputType":"dropdownList","id":"L_ConfigureCNGCipherChainingModeDropID"}]},"name":"L_ConfigureCNGCipherChainingMode","displayName":"CNG-versleutelingsketenmodus configureren","explainText":"Met deze beleidsinstelling kunt u de gebruikte versleutelingketenmodus configureren.\n\nAls u deze beleidsinstelling inschakelt, wordt de opgegeven versleutelingsketenmodus toegepast.\n\nAls u deze beleidsinstelling uitschakelt of niet configureert, wordt CBC (Cipher Block Chaining) gebruikt als de standaardketenmodus voor CNG-versleuteling.","tags":["L_Cryptography","L_Security","L_OneNoteOptions","L_MicrosoftOfficeOneNote"],"application":"onent16","key":"software\\microsoft\\office\\16.0\\onenote\\security\\crypto"},{"parentCategory":{"ref":"L_Cryptography"},"supportedOn":{"ref":"windows:SUPPORTED_Windows7"},"elements":{"items":[{"valueName":"cipherkeybits","minValue":0,"minValueSpecified":true,"maxValue":1000000,"maxValueSpecified":true,"inputType":"decimalTextBox","caption":"Lengte van coderingssleutel","id":"L_SetCNGCipherKeyLengthSpinID"}]},"name":"L_SetCNGCipherKeyLength","displayName":"Lengte CNG-coderingssleutel instellen","explainText":"Met deze beleidsinstelling kunt u het aantal bits configureren dat moet worden gebruikt bij het maken van de coderingssleutel.  Dit getal wordt naar beneden afgerond op een veelvoud van 8.\n\nAls u deze beleidsinstelling inschakelt, wordt het opgegeven aantal sleutelbits gebruikt.\n\nAls u deze beleidsinstelling uitschakelt of niet configureert, wordt de standaardwaarde gebruikt.","tags":["L_Cryptography","L_Security","L_OneNoteOptions","L_MicrosoftOfficeOneNote"],"application":"onent16","key":"software\\microsoft\\office\\16.0\\onenote\\security\\crypto"},{"parentCategory":{"ref":"L_Cryptography"},"supportedOn":{"ref":"windows:SUPPORTED_Windows7"},"elements":{"items":[{"item":[{"value":{"decimal":{"value":0}},"displayName":"Oude indeling gebruiken"},{"value":{"decimal":{"value":1}},"displayName":"Next Generation-indeling gebruiken"},{"value":{"decimal":{"value":2}},"displayName":"Alle bestanden opslaan met de Next Generation-indeling"}],"valueName":"compatmode","inputType":"dropdownList","id":"L_SpecifyEncryptionCompatibilityDropID"}]},"name":"L_SpecifyEncryptionCompatibility","displayName":"Versleutelingscompatibiliteit opgeven","explainText":"Met deze beleidsinstelling kunt u de compatibiliteit van de versleutelde database opgeven.\n\nAls u deze beleidsinstelling inschakelt, wordt de opgegeven compatibiliteitsindeling toegepast bij het versleutelen van nieuwe bestanden\n- Oude indeling gebruiken\n- Next Generation-indeling gebruiken\n- Alle bestanden opslaan met de Next Generation-indeling\n\nAls u deze beleidsinstelling uitschakelt of niet configureert, wordt de standaardinstelling 'Next Generation-indeling gebruiken' toegepast.","tags":["L_Cryptography","L_Security","L_OneNoteOptions","L_MicrosoftOfficeOneNote"],"application":"onent16","key":"software\\microsoft\\office\\16.0\\onenote\\security\\crypto"},{"parentCategory":{"ref":"L_Cryptography"},"supportedOn":{"ref":"windows:SUPPORTED_Windows7"},"elements":{"items":[{"valueName":"context","required":true,"requiredSpecified":true,"expandableSpecified":false,"maxLength":2147483647,"maxLengthSpecified":false,"inputType":"textBox","caption":"Parameters","id":"L_SetParametersForCNGContextID"}]},"name":"L_SetParametersForCNGContext","displayName":"Parameters voor CNG-context instellen","explainText":"Met deze beleidsinstelling kunt u de versleutelingsparameters opgeven die moeten worden gebruikt voor de CNG-context. \n\nAls u deze beleidsinstelling inschakelt, worden de opgegeven parameters doorgegeven aan de CNG-context.\n\nAls u deze beleidsinstelling uitschakelt of niet configureert, worden de standaard-CNG-waarden gebruikt.","tags":["L_Cryptography","L_Security","L_OneNoteOptions","L_MicrosoftOfficeOneNote"],"application":"onent16","key":"software\\microsoft\\office\\16.0\\onenote\\security\\crypto"},{"parentCategory":{"ref":"L_Cryptography"},"supportedOn":{"ref":"windows:SUPPORTED_Windows7"},"elements":{"items":[{"item":[{"value":{"string":"SHA1"},"displayName":"SHA1"},{"value":{"string":"SHA256"},"displayName":"SHA256"},{"value":{"string":"SHA384"},"displayName":"SHA384"},{"value":{"string":"SHA512"},"displayName":"SHA512"}],"valueName":"hashalgorithm","inputType":"dropdownList","id":"L_SpecifyCNGHashAlgorithmDropID"}]},"name":"L_SpecifyCNGHashAlgorithm","displayName":"CNG-hash-algoritme opgeven","explainText":"Met deze beleidsinstelling kunt u het gebruikte hash-algoritme opgeven.\n\nAls u deze beleidsinstelling inschakelt, wordt het geselecteerde hash-algoritme gebruikt door CNG.\n\nAls u deze beleidsinstelling uitschakelt of niet configureert, wordt het standaard-CNG-hash-algoritme gebruikt.","tags":["L_Cryptography","L_Security","L_OneNoteOptions","L_MicrosoftOfficeOneNote"],"application":"onent16","key":"software\\microsoft\\office\\16.0\\onenote\\security\\crypto"},{"parentCategory":{"ref":"L_Cryptography"},"supportedOn":{"ref":"windows:SUPPORTED_Windows7"},"elements":{"items":[{"valueName":"passwordspincount","minValue":0,"minValueSpecified":true,"maxValue":10000000,"maxValueSpecified":true,"inputType":"decimalTextBox","id":"L_SetCNGPasswordSpinCountSpinID"}]},"name":"L_SetCNGPasswordSpinCount","displayName":"Aantal omwentelingen voor CNG-wachtwoord instellen","explainText":"Met deze beleidsinstelling kunt u het aantal keren opgeven dat de wachtwoordcontrole moet worden gedraaid (opnieuw gehasht).\n\nAls u deze beleidsinstelling inschakelt, wordt het wachtwoord het opgegeven aantal keren opnieuw gehasht.\n\nAls u deze beleidsinstelling uitschakelt of niet configureert, wordt de standaardwaarde (100000) gebruikt.","tags":["L_Cryptography","L_Security","L_OneNoteOptions","L_MicrosoftOfficeOneNote"],"application":"onent16","key":"software\\microsoft\\office\\16.0\\onenote\\security\\crypto"},{"parentCategory":{"ref":"L_Cryptography"},"supportedOn":{"ref":"windows:SUPPORTED_Windows7"},"elements":{"items":[{"valueName":"rngalgorithm","required":true,"requiredSpecified":true,"expandableSpecified":false,"maxLength":2147483647,"maxLengthSpecified":false,"inputType":"textBox","caption":"Generator van willekeurige getallen:","id":"L_SpecifyCNGRandomNumberGeneratorAlgorithmID"}]},"name":"L_SpecifyCNGRandomNumberGeneratorAlgorithm","displayName":"Algoritme voor het genereren van willekeurige getallen voor CNG opgeven","explainText":"Met deze beleidsinstelling kunt u generator voor willekeurige getallen configureren die moet worden gebruikt voor CNG.\n\nAls u deze beleidsinstelling inschakelt, wordt de opgegeven generator voor willekeurige getallen gebruikt.\n\nAls u deze beleidsinstelling uitschakelt of niet configureert, wordt de standaardgenerator voor willekeurige getallen gebruikt.","tags":["L_Cryptography","L_Security","L_OneNoteOptions","L_MicrosoftOfficeOneNote"],"application":"onent16","key":"software\\microsoft\\office\\16.0\\onenote\\security\\crypto"},{"parentCategory":{"ref":"L_Cryptography"},"supportedOn":{"ref":"windows:SUPPORTED_Windows7"},"elements":{"items":[{"valueName":"saltbytes","minValue":0,"minValueSpecified":true,"maxValue":5000,"maxValueSpecified":true,"inputType":"decimalTextBox","caption":"Aantal bytes","id":"L_SpecifyCNGSaltLengthSpinID"}]},"name":"L_SpecifyCNGSaltLength","displayName":"CNG-salt-lengte opgeven","explainText":"Met deze beleidsinstelling kunt u het aantal salt-bytes opgeven dat moet worden gebruikt.\n\nAls u deze beleidsinstelling inschakelt, wordt het opgegeven aantal bytes gebruikt.\n\nAls u deze beleidsinstelling uitschakelt of niet configureert, wordt de standaardgrootte 16 gebruikt.","tags":["L_Cryptography","L_Security","L_OneNoteOptions","L_MicrosoftOfficeOneNote"],"application":"onent16","key":"software\\microsoft\\office\\16.0\\onenote\\security\\crypto"},{"parentCategory":{"ref":"L_Save"},"supportedOn":{"ref":"windows:SUPPORTED_Windows7"},"elements":{"items":[{"valueName":"notebook root","requiredSpecified":false,"expandableSpecified":false,"maxLength":2147483647,"maxLengthSpecified":false,"inputType":"textBox","caption":"","id":"L_empty1"}]},"name":"L_NotebookRoot","displayName":"Hoofdmap voor notitieblokken","explainText":"Als u de standaardlocatie voor het opslaan van nieuwe notitieblokken wilt wijzigen, typt u een pad naar een map voor uw documenten.","tags":["L_Save","L_OneNoteOptions","L_MicrosoftOfficeOneNote"],"application":"onent16","key":"software\\microsoft\\office\\16.0\\onenote\\options\\save"},{"parentCategory":{"ref":"L_Save"},"supportedOn":{"ref":"windows:SUPPORTED_Windows7"},"elements":{"items":[{"valueName":"unfilednotessection","requiredSpecified":false,"expandableSpecified":false,"maxLength":2147483647,"maxLengthSpecified":false,"inputType":"textBox","caption":"Open kantlijnnotities in deze sectie:","id":"L_OpenSideNotesinthissection"}]},"name":"L_Locationofunfilednotessection","displayName":"Locatie van de sectie met losse notities","explainText":"Locatie waar de sectie met losse notities wordt opgeslagen in OneNote.","tags":["L_Save","L_OneNoteOptions","L_MicrosoftOfficeOneNote"],"application":"onent16","key":"software\\microsoft\\office\\16.0\\onenote\\options\\paths"},{"parentCategory":{"ref":"L_Save"},"supportedOn":{"ref":"windows:SUPPORTED_Windows7"},"elements":{"items":[{"valueName":"backupfolderpath","requiredSpecified":false,"expandableSpecified":false,"maxLength":2147483647,"maxLengthSpecified":false,"inputType":"textBox","caption":"Map met back-ups:","id":"L_BackupFolder"}]},"name":"L_LocationofBackupFolder","displayName":"Locatie van de map met back-ups","explainText":"Hiermee stelt u de waarde voor de bijbehorende gebruikersinterface-optie in.","tags":["L_Save","L_OneNoteOptions","L_MicrosoftOfficeOneNote"],"application":"onent16","key":"software\\microsoft\\office\\16.0\\onenote\\options\\paths"},{"parentCategory":{"ref":"L_Save"},"supportedOn":{"ref":"windows:SUPPORTED_Windows7"},"elements":{"items":[{"valueName":"percentfreespacebeforeoptimize","minValue":0,"minValueSpecified":true,"maxValue":100,"maxValueSpecified":true,"inputType":"decimalTextBox","caption":"Voer percentage in:","id":"L_EnterPercentage"}]},"name":"L_Percentageofunuseddiskspacetoallowinsections","displayName":"Toegestaan percentage ongebruikte schijfruimte voor secties","explainText":"Hiermee stelt u de waarde voor de optie Toegestaan percentage ongebruikte ruimte voor secties zonder optimalisatie in.","tags":["L_Save","L_OneNoteOptions","L_MicrosoftOfficeOneNote"],"application":"onent16","key":"software\\microsoft\\office\\16.0\\onenote\\options\\save"},{"parentCategory":{"ref":"L_Password"},"supportedOn":{"ref":"windows:SUPPORTED_Windows7"},"enabledValue":{"decimal":{"value":0}},"disabledValue":{"decimal":{"value":1}},"name":"L_Disallowsaddonsaccesstopass","displayName":"Toegang van invoegtoepassingen tot secties die met een wachtwoord zijn beveiligd niet toegestaan","explainText":"Met deze optie wordt de mogelijkheid in uitbreidingsinvoegtoepassingen uitgeschakeld om toegang te krijgen tot secties die met een wachtwoord zijn beveiligd en die zijn ontgrendeld.","tags":["L_Password","L_OneNoteOptions","L_MicrosoftOfficeOneNote"],"application":"onent16","key":"software\\microsoft\\office\\16.0\\onenote\\security","valueName":"allowaddinaccesstoencryptedfiles"},{"parentCategory":{"ref":"L_Password"},"supportedOn":{"ref":"windows:SUPPORTED_Windows7"},"enabledValue":{"decimal":{"value":1}},"disabledValue":{"decimal":{"value":0}},"name":"L_Disablepasswordprotectedsections","displayName":"Secties die zijn beveiligd met een wachtwoord uitschakelen","explainText":"Hiermee schakelt u de mogelijkheid uit om nieuwe secties te maken die zijn beveiligd met een wachtwoord.  U kunt bestaande secties waarvoor een wachtwoord is ingesteld echter nog steeds ontgrendelen en bewerken.","tags":["L_Password","L_OneNoteOptions","L_MicrosoftOfficeOneNote"],"application":"onent16","key":"software\\microsoft\\office\\16.0\\onenote\\general","valueName":"passwordprotectiondisabled"},{"parentCategory":{"ref":"L_Password"},"supportedOn":{"ref":"windows:SUPPORTED_Windows7"},"enabledValue":{"decimal":{"value":1}},"disabledValue":{"decimal":{"value":0}},"name":"L_LockpasswordprotectedsectionsassoonasInavigateawayfromthem","displayName":"Secties die met een wachtwoord zijn beveiligd vergrendelen zodra ik die verlaat","explainText":"OneNote biedt ondersteuning voor secties die zijn beveiligd met een wachtwoord. Deze worden ontgrendeld wanneer een gebruiker het wachtwoord getypt. Deze kunnen opnieuw worden vergrendeld door middel van een time-outperiode of wanneer u de sectie verlaat.  Met deze optie wordt de sectie vergrendeld zodra u de sectie die met een wachtwoord is beveiligd verlaat.","tags":["L_Password","L_OneNoteOptions","L_MicrosoftOfficeOneNote"],"application":"onent16","key":"software\\microsoft\\office\\16.0\\onenote\\security","valueName":"locksectionsimmediately"},{"parentCategory":{"ref":"L_Backup"},"supportedOn":{"ref":"windows:SUPPORTED_Windows7"},"elements":{"items":[{"valueName":"backupnumberofbackupstokeep","minValue":0,"minValueSpecified":true,"maxValue":1000,"maxValueSpecified":true,"inputType":"decimalTextBox","caption":"Aantal back-ups dat moeten worden bewaard","id":"L_numberofbackupcopiestokeep2"}]},"name":"L_Numberofbackupcopiestokeep","displayName":"Aantal back-ups dat moeten worden bewaard","explainText":"Hiermee stelt u de waarde voor de bijbehorende gebruikersinterface-optie in.","tags":["L_Backup","L_OneNoteOptions","L_MicrosoftOfficeOneNote"],"application":"onent16","key":"software\\microsoft\\office\\16.0\\onenote\\options\\save"},{"parentCategory":{"ref":"L_SendToOneNote"},"supportedOn":{"ref":"windows:SUPPORTED_Windows7"},"enabledValue":{"decimal":{"value":1}},"disabledValue":{"decimal":{"value":0}},"name":"L_DisableOutlooksendemailtoOneNoteoption","displayName":"Optie voor het verzenden van e-mail naar OneNote in Outlook uitschakelen","explainText":"Met dit beleid wordt de OneNote-invoegtoepassing Verzenden naar OneNote uitgeschakeld voor Microsoft Outlook.  Standaard wordt er via OneNote een invoegtoepassing geïnstalleerd op de Outlook-werkbalk, waarmee gebruikers e-mailberichten kunnen verzenden naar OneNote.  De knop Verzenden naar OneNote wordt weergegeven in de hoofdmodule voor e-mails in Outlook en bij het bekijken van een e-mailbericht.  U kunt deze functie met dit beleid uitschakelen.","tags":["L_SendToOneNote","L_OneNoteOptions","L_MicrosoftOfficeOneNote"],"application":"onent16","key":"software\\microsoft\\office\\16.0\\onenote\\options\\outlookandweb","valueName":"disablesendemailtoonenote"},{"parentCategory":{"ref":"L_Addins"},"supportedOn":{"ref":"windows:SUPPORTED_Windows7"},"enabledValue":{"decimal":{"value":1}},"disabledValue":{"decimal":{"value":0}},"name":"L_DisableOneNoteCOMAPI","displayName":"OneNote COM API uitschakelen","explainText":"OneNote COM API uitschakelen: hiermee worden invoegtoepassingen uitgeschakeld waarvoor de COM API mogelijk wordt gebruikt. Ook andere functies waarvoor deze API wordt gebruikt, zoals het verzenden van gegevens van Outlook naar OneNote, werken dan niet meer.","tags":["L_Addins","L_OneNoteOptions","L_MicrosoftOfficeOneNote"],"application":"onent16","key":"software\\microsoft\\office\\16.0\\onenote\\security","valueName":"disablecomapi"},{"parentCategory":{"ref":"L_Addins"},"supportedOn":{"ref":"windows:SUPPORTED_Windows7"},"enabledValue":{"decimal":{"value":1}},"disabledValue":{"decimal":{"value":0}},"name":"L_DisableinstalledOneNoteaddins","displayName":"Geïnstalleerde OneNote-invoegtoepassingen uitschakelen","explainText":"Hiermee schakelt u alle geïnstalleerde OneNote-invoegtoepassingen uit.","tags":["L_Addins","L_OneNoteOptions","L_MicrosoftOfficeOneNote"],"application":"onent16","key":"software\\microsoft\\office\\16.0\\onenote\\security","valueName":"disablealladdins"},{"parentCategory":{"ref":"L_Spelling"},"supportedOn":{"ref":"windows:SUPPORTED_Windows7"},"elements":{"items":[{"item":[{"value":{"decimal":{"value":0}},"displayName":"spelling niet controleren"},{"value":{"decimal":{"value":1}},"displayName":"spelling controleren tijdens typen"},{"value":{"decimal":{"value":2}},"displayName":"spelfouten niet aangeven"},{"value":{"decimal":{"value":3}},"displayName":"spelling controleren maar fouten niet aangeven"}],"valueName":"onenotespellingoptions","inputType":"dropdownList","id":"L_empty11"}]},"name":"L_OneNoteSpellingOptions","displayName":"Spellingopties voor OneNote","explainText":"Met deze opties worden de opties onder Bij het corrigeren van de spelling in OneNote gewijzigd die worden weergegeven op het tabblad Bestand | Opties | dialoogvenster Controle.","tags":["L_Spelling","L_OneNoteOptions","L_MicrosoftOfficeOneNote"],"application":"onent16","key":"software\\microsoft\\shared tools\\proofing tools\\1.0\\office"},{"parentCategory":{"ref":"L_VersionsAndRecyleBin"},"supportedOn":{"ref":"windows:SUPPORTED_Windows7"},"enabledValue":{"decimal":{"value":0}},"disabledValue":{"decimal":{"value":1}},"name":"L_TurnOffVersionsAndNotebookRecycleBinInSharedNotebooks","displayName":"Versies en Prullenbak voor notitieblokken uitschakelen voor gedeelde notitieblokken","explainText":"Met deze beleidsinstelling kunt u versiegeschiedenis uitschakelen. Versiegeschiedenis bevat versies en de prullenbak voor notitieblokken.  Met een notitieblok in de 2016-indeling worden in OneNote automatisch vorige versies van de pagina's in het notitieblok opgeslagen en wordt er ook een prullenbak opgeslagen voor alle verwijderde pagina's en secties.\n\nAls u deze beleidsinstelling inschakelt, wordt versiegeschiedenis uitgeschakeld.\n\nAls u deze beleidsinstelling uitschakelt of niet configureert, worden vorige versies standaard opgeslagen in OneNote.","tags":["L_VersionsAndRecyleBin","L_OneNoteOptions","L_MicrosoftOfficeOneNote"],"application":"onent16","key":"software\\microsoft\\office\\16.0\\onenote\\options\\versions","valueName":"enablehistory"},{"parentCategory":{"ref":"L_VersionsAndRecyleBin"},"supportedOn":{"ref":"windows:SUPPORTED_Windows7"},"enabledValue":{"decimal":{"value":0}},"disabledValue":{"decimal":{"value":1}},"name":"L_DoNotPruneVersionsOverTime","displayName":"Versies niet verwijderen na verloop van tijd","explainText":"Met deze beleidsinstelling kunt u de functie voor automatische verwijdering uitschakelen in OneNote.  Voor notitieblokken in de OneNote 2016-indeling worden vorige versies van pagina's in het notitieblok automatisch opgeslagen. Daarnaast wordt er een prullenbak opgeslagen voor alle verwijderde pagina's en secties.\n\nAls u deze beleidsinstelling inschakelt, worden vorige versies niet verwijderd in OneNote.\n\nAls u deze beleidsinstelling uitschakelt of niet configureert, worden vorige versies verwijderd in OneNote.  De standaardwaarde is om versies na verloop van tijd te verwijderen.  U moet deze beleidsinstelling alleen inschakelen als vorige versies niet moeten worden verwijderd in OneNote.","tags":["L_VersionsAndRecyleBin","L_OneNoteOptions","L_MicrosoftOfficeOneNote"],"application":"onent16","key":"software\\microsoft\\office\\16.0\\onenote\\options\\versions","valueName":"pruneversionsovertime"},{"parentCategory":{"ref":"L_VersionsAndRecyleBin"},"supportedOn":{"ref":"windows:SUPPORTED_Windows7"},"elements":{"items":[{"valueName":"daysofallversions","minValue":0,"minValueSpecified":true,"maxValue":365,"maxValueSpecified":true,"inputType":"decimalTextBox","caption":"Eerdere dagen","id":"L_DaysOfAllVersionsSpinID"}]},"name":"L_DaysOfAllVersions","displayName":"Dagen dat items in Versiegeschiedenis niet worden verwijderd","explainText":"Met deze beleidsinstelling kunt u een tijdsduur opgeven waarin uitgebreide versiegeschiedenispagina's worden bijgehouden in OneNote. Na de opgegeven tijd worden er simpelere versiegeschiedenispagina's bijgehouden, die minder opslagruimte in beslag nemen.\n\nAls u deze beleidsinstelling inschakelt, worden er gedurende de opgegeven tijd uitgebreide versiegeschiedenispagina's bijgehouden in OneNote. Na deze tijd worden er simpelere versiegeschiedenispagina's bijgehouden.\n\nAls u deze beleidsinstelling uitschakelt of niet configureert, worden er 2 dagen lang uitgebreide versiegeschiedenispagina's bijgehouden in OneNote. Na 2 dagen worden er simpelere versiegeschiedenispagina's bijgehouden.\n      ","tags":["L_VersionsAndRecyleBin","L_OneNoteOptions","L_MicrosoftOfficeOneNote"],"application":"onent16","key":"software\\microsoft\\office\\16.0\\onenote\\options\\versions"},{"parentCategory":{"ref":"L_VersionsAndRecyleBin"},"supportedOn":{"ref":"windows:SUPPORTED_Windows7"},"elements":{"items":[{"valueName":"daysofhourlyversions","minValue":0,"minValueSpecified":true,"maxValue":365,"maxValueSpecified":true,"inputType":"decimalTextBox","caption":"Eerdere dagen","id":"L_DaysOfHourlyVersionsNotToPruneAfterDaysBackSpinID"}]},"name":"L_DaysOfHourlyVersionsNotToPruneAfterDaysBack","displayName":"Dagen dat uurversies niet worden verwijderd na Eerdere dagen","explainText":"Met deze beleidsinstelling kunt u het aantal uurversies instellen dat niet moet worden verwijderd na Eerder dagen.  Voor notitieblokken in de OneNote 2016-indeling worden vorige versies van pagina's in het notitieblok automatisch opgeslagen. Daarnaast wordt er een prullenbak opgeslagen voor alle verwijderde pagina's en secties.\n\nAls u deze beleidsinstelling inschakelt, kunt u het aantal dagen opgeven dat uurversies moeten worden behouden na de instelling Eerdere dagen. Deze waarde geeft het aantal dagen na \"DaysOfAllVersions\" aan waarvoor gegevens over de uurversiegeschiedenis moeten worden bijgehouden.  Gebruikers behouden één versie per uur voor dit aantal dagen na \"DaysOfAllVersions\".\n\nAls u deze beleidsinstelling uitschakelt of niet configureert, worden er uurversies voor de afgelopen 5 dagen bewaard in OneNote.","tags":["L_VersionsAndRecyleBin","L_OneNoteOptions","L_MicrosoftOfficeOneNote"],"application":"onent16","key":"software\\microsoft\\office\\16.0\\onenote\\options\\versions"},{"parentCategory":{"ref":"L_VersionsAndRecyleBin"},"supportedOn":{"ref":"windows:SUPPORTED_Windows7"},"elements":{"items":[{"valueName":"maxuniquedayversions","minValue":0,"minValueSpecified":true,"maxValue":365,"maxValueSpecified":true,"inputType":"decimalTextBox","caption":"Maximum aantal versies","id":"L_MaximumNumberOfOncePerDayVersionHistoryItemsKeptSpinID"}]},"name":"L_MaximumNumberOfOncePerDayVersionHistoryItemsKept","displayName":"Maximum aantal dagelijkse versiegeschiedenisitems dat moet worden behouden","explainText":"Met deze beleidsinstelling kunt u instellen hoeveel dagelijkse geschiedenisitems er moeten worden bijgehouden voor elke pagina.  Voor notitieblokken in de OneNote 2016-indeling worden vorige versies van pagina's in het notitieblok automatisch opgeslagen. Daarnaast wordt er een prullenbak opgeslagen voor alle verwijderde pagina's en secties.\n\nAls u deze beleidsinstelling inschakelt, kunt u het aantal versies per dag instellen dat u wilt behouden.  Als u de waarde instelt op -1, worden in OneNote alle oude dagelijkse versiegeschiedenisitems behouden.\n \nAls u deze beleidsinstelling uitschakelt of niet configureert, wordt er voor de afgelopen 10 dagen elke dag een pagina behouden.","tags":["L_VersionsAndRecyleBin","L_OneNoteOptions","L_MicrosoftOfficeOneNote"],"application":"onent16","key":"software\\microsoft\\office\\16.0\\onenote\\options\\versions"},{"parentCategory":{"ref":"L_VersionsAndRecyleBin"},"supportedOn":{"ref":"windows:SUPPORTED_Windows7"},"elements":{"items":[{"valueName":"deleteallversionsafter","minValue":0,"minValueSpecified":true,"maxValue":365,"maxValueSpecified":true,"inputType":"decimalTextBox","caption":"Eerdere dagen waarvoor versies moeten worden behouden","id":"L_DaysBackToKeepInVersionHistorySpinID"}]},"name":"L_DaysBackToKeepInVersionHistory","displayName":"Eerdere dagen voor behoud in versiegeschiedenis","explainText":"Met deze beleidsinstelling kunt u het aantal dagen instellen waarbij alle versiegeschiedenisitems die zijn gemaakt vóór deze waarde worden verwijderd.  Voor notitieblokken in de OneNote 2016-indeling worden vorige versies van pagina's in het notitieblok automatisch opgeslagen. Daarnaast wordt er een prullenbak opgeslagen voor alle verwijderde pagina's en secties.\n\nAls u deze beleidsinstelling inschakelt, kunt u het aantal dagen instellen waarvóór de versiegeschiedenis moet worden verwijderd.\n\nAls u deze beleidsinstelling uitschakelt of niet configureert, worden er standaard vorige versies bewaard in OneNote voor alle dagen in het verleden.  Dit is de standaardwaarde van -1.","tags":["L_VersionsAndRecyleBin","L_OneNoteOptions","L_MicrosoftOfficeOneNote"],"application":"onent16","key":"software\\microsoft\\office\\16.0\\onenote\\options\\versions"},{"parentCategory":{"ref":"L_VersionsAndRecyleBin"},"supportedOn":{"ref":"windows:SUPPORTED_Windows7"},"elements":{"items":[{"valueName":"daystokeeprecycleditems","minValue":0,"minValueSpecified":true,"maxValue":365,"maxValueSpecified":true,"inputType":"decimalTextBox","caption":"Eerdere dagen waarvoor items in de prullenbak moeten worden behouden","id":"L_DaysBackToKeepItemsInRecycleBinSpinID"}]},"name":"L_DaysBackToKeepItemsInRecycleBin","displayName":"Eerdere dagen waarvoor items in de prullenbak moeten worden behouden","explainText":"Met deze beleidsinstelling kunt u het aantal dagen instellen waarvóór alle items die aan de Prullenbak zijn toegevoegd worden verwijderd wanneer de versiegeschiedenis wordt verwijderd.  Voor notitieblokken in de OneNote 2016-indeling worden vorige versies van pagina's in het notitieblok automatisch opgeslagen. Daarnaast wordt er een prullenbak opgeslagen voor alle verwijderde pagina's en secties.\n\nAls u deze beleidsinstelling inschakelt, kunt u het aantal dagen in het verleden instellen waarvoor items in de prullenbak worden behouden.\n\nAls u deze beleidsinstelling niet configureert, wordt in OneNote de standaardwaarde van 60 dagen in het verleden gebruikt.","tags":["L_VersionsAndRecyleBin","L_OneNoteOptions","L_MicrosoftOfficeOneNote"],"application":"onent16","key":"software\\microsoft\\office\\16.0\\onenote\\options\\versions"},{"parentCategory":{"ref":"L_Other"},"supportedOn":{"ref":"windows:SUPPORTED_Windows7"},"elements":{"items":[{"valueName":"folderpollinterval","minValue":1,"minValueSpecified":true,"maxValue":3600,"maxValueSpecified":true,"inputType":"decimalTextBox","caption":"Interval voor doorzoeken van de server via polling (seconden)","id":"L_SetUNCIntervalToPollForChangesOnFileServersSpinID"}]},"name":"L_SetUNCIntervalToPollForChangesOnFileServers","displayName":"UNC-interval instellen om via polling te zoeken op wijzigingen op bestandsservers","explainText":"Met deze beleidsinstelling kunt u het synchronisatie-interval wijzigen waarop in OneNote via polling wordt gezocht naar wijzigingen op de server.  Wanneer in OneNote een notitieblok wordt gesynchroniseerd op UNC, ook wel SMB of Windows-bestandsshares genoemd, ontvangt OneNote meldingen van de bestandsserver en wordt via polling op de server gezocht naar nieuwe updates.\n\nDoor het interval kleiner te maken, wordt OneNote sneller gesynchroniseerd. Dit kan echter leiden tot prestatieproblemen op de server.\n\nAls u deze beleidsinstelling inschakelt, kunt u opgeven na hoeveel seconden via polling wordt gezocht.\n\nAls u deze beleidsinstelling uitschakelt of niet configureert, wordt er automatisch elke 30 seconden gezocht.","tags":["L_Other","L_OneNoteOptions","L_MicrosoftOfficeOneNote"],"application":"onent16","key":"software\\microsoft\\office\\16.0\\onenote\\options\\save"},{"parentCategory":{"ref":"L_Other"},"supportedOn":{"ref":"windows:SUPPORTED_Windows7"},"enabledValue":{"decimal":{"value":0}},"disabledValue":{"decimal":{"value":1}},"name":"L_TurnOffOneNoteAutoLinkedNoteTaking","displayName":"Automatisch gekoppelde notities uitschakelen in OneNote","explainText":"Met deze beleidsinstelling wordt de OneNote-functie voor het automatisch koppelen van notities uitgeschakeld, waarmee u notities kunt maken op items als webpagina's, Word-documenten, enzovoort.  In OneNote wordt automatisch vastgelegd welke pagina's of documenten u hebt bekeken toen u deze notitie maakte.\n\nAls u deze beleidsinstelling inschakelt, worden notities in OneNote niet automatisch gekoppeld wanneer de gebruiker deze functie probeert in te schakelen.\n\nAls u dit beleid uitschakelt of niet inschakelt, worden notities in OneNote automatisch gekoppeld wanneer de gebruiker deze functie probeert in te schakelen.","tags":["L_Other","L_OneNoteOptions","L_MicrosoftOfficeOneNote"],"application":"onent16","key":"software\\microsoft\\office\\16.0\\onenote\\options\\linkednotes","valueName":"autolink"},{"parentCategory":{"ref":"L_Other"},"supportedOn":{"ref":"windows:SUPPORTED_Windows7"},"enabledValue":{"decimal":{"value":1}},"disabledValue":{"decimal":{"value":0}},"name":"L_DisableOCR","displayName":"OCR uitschakelen","explainText":"Met dit beleid schakelt u de OneNotefunctie voor optische tekenherkenning (OCR) in afbeeldingen uit. Met de OCR-functie worden afbeeldingen in OneNote automatisch gescand op tekst. Deze tekst wordt vervolgens weergegeven in de zoekresultaten.","tags":["L_Other","L_OneNoteOptions","L_MicrosoftOfficeOneNote"],"application":"onent16","key":"software\\microsoft\\office\\16.0\\onenote\\options\\other","valueName":"disableocr"},{"parentCategory":{"ref":"L_Other"},"supportedOn":{"ref":"windows:SUPPORTED_Windows7"},"elements":{"items":[{"valueName":"blockedextensions","requiredSpecified":false,"expandableSpecified":false,"maxLength":2147483647,"maxLengthSpecified":false,"inputType":"textBox","caption":"","id":"L_empty12"}]},"name":"L_EmbeddedFilesBlockedExtensions","displayName":"Geblokkeerde extensies voor ingesloten bestanden","explainText":"Als u wilt voorkomen dat gebruikers in uw organisatie een bestandsbijlage van een bepaald bestandstype kunnen openen vanuit een Microsoft OneNote-pagina, voegt u de extensies die u wilt uitschakelen toe in deze notatie: \".ext1;.ext2;\" Als u het openen van een bijlage van een OneNote-pagina wilt uitschakelen, raadpleegt u het beleid Ingesloten bestanden uitschakelen. U kunt ingesloten audio- en video-opnamen (WMA en WMV) niet blokkeren met dit beleid. Raadpleeg hiervoor het beleid Ingesloten bestanden uitschakelen.","tags":["L_Other","L_OneNoteOptions","L_MicrosoftOfficeOneNote"],"application":"onent16","key":"software\\microsoft\\office\\16.0\\onenote\\options\\embeddedfileopenoptions"},{"parentCategory":{"ref":"L_Other"},"supportedOn":{"ref":"windows:SUPPORTED_Windows7"},"elements":{"items":[{"valueName":"addnotebooks","requiredSpecified":false,"expandableSpecified":false,"maxLength":2147483647,"maxLengthSpecified":false,"inputType":"textBox","caption":"","id":"L_empty13"}]},"name":"L_Loadanotebookonfirstboot","displayName":"Notitieblok laden bij eerste keer starten","explainText":"Verwijst naar een map met een notitieblok dat moet worden geladen wanneer OneNote voor het eerst wordt gestart.","tags":["L_Other","L_OneNoteOptions","L_MicrosoftOfficeOneNote"],"application":"onent16","key":"software\\microsoft\\office\\16.0\\onenote\\options\\other"},{"parentCategory":{"ref":"L_Other"},"supportedOn":{"ref":"windows:SUPPORTED_Windows7"},"enabledValue":{"decimal":{"value":1}},"disabledValue":{"decimal":{"value":0}},"name":"L_Disableembeddedfiles","displayName":"Ingesloten bestanden uitschakelen","explainText":"Hiermee kunt u de mogelijkheid uitschakelen om bestanden in te sluiten op een OneNote-pagina, zodat personen geen bestanden kunnen verzenden die mogelijk niet worden onderschept door antivirussoftware, enzovoort.  Opmerking: met dit beleid worden alleen ingesloten bestanden in de OneNote-gebruikersinterface beperkt. Als een pagina een ingesloten bestand bevat, worden de ingesloten bestanden in OneNote nog steeds gesynchroniseerd en gerepliceerd in het bestandssysteem.","tags":["L_Other","L_OneNoteOptions","L_MicrosoftOfficeOneNote"],"application":"onent16","key":"software\\microsoft\\office\\16.0\\onenote\\options","valueName":"disableembeddedfiles"},{"parentCategory":{"ref":"L_Other"},"supportedOn":{"ref":"windows:SUPPORTED_Windows7"},"enabledValue":{"decimal":{"value":1}},"disabledValue":{"decimal":{"value":0}},"name":"L_DisableOneNotescreenclippingnotifications","displayName":"Meldingen voor schermopnamen uitschakelen in OneNote","explainText":"Hiermee schakelt u alle meldingen voor schermopnamen in OneNote uit.","tags":["L_Other","L_OneNoteOptions","L_MicrosoftOfficeOneNote"],"application":"onent16","key":"software\\microsoft\\office\\16.0\\onenote\\options\\other","valueName":"disablescreenclippingballoon"},{"parentCategory":{"ref":"L_Other"},"supportedOn":{"ref":"windows:SUPPORTED_Windows7"},"enabledValue":{"decimal":{"value":1}},"disabledValue":{"decimal":{"value":0}},"name":"L_DisableOneNoteScreenClippings","displayName":"Schermopnames uitschakelen in OneNote","explainText":"Hiermee schakelt u de functie Schermopname in OneNote uit.","tags":["L_Other","L_OneNoteOptions","L_MicrosoftOfficeOneNote"],"application":"onent16","key":"software\\microsoft\\office\\16.0\\onenote\\options\\other","valueName":"disablescreenclippings"},{"parentCategory":{"ref":"L_Other"},"supportedOn":{"ref":"windows:SUPPORTED_Windows7"},"elements":{"items":[{"valueName":"inaccessibleserverdaysbeforewarn","minValue":0,"minValueSpecified":true,"maxValue":30,"maxValueSpecified":true,"inputType":"decimalTextBox","id":"L_empty14"}]},"name":"L_Numberofdaysbeforewarningthatserveris","displayName":"Aantal dagen voordat wordt gewaarschuwd dat de server niet toegankelijk is","explainText":"Stel het aantal dagen in waarna in OneNote wordt gewaarschuwd dat de server niet toegankelijk is en er wordt gevraagd om een nieuwe locatie voor de getroffen bestanden.","tags":["L_Other","L_OneNoteOptions","L_MicrosoftOfficeOneNote"],"application":"onent16","key":"software\\microsoft\\office\\16.0\\onenote\\options\\synchronization"},{"parentCategory":{"ref":"L_Other"},"supportedOn":{"ref":"windows:SUPPORTED_Windows7"},"elements":{"items":[{"valueName":"sharepointsyncinterval","minValue":10,"minValueSpecified":true,"maxValue":604800,"maxValueSpecified":true,"inputType":"decimalTextBox","id":"L_empty15"}]},"name":"L_SharePointsyncinterval","displayName":"SharePoint-synchronisatie-interval voor notitieblokken die zijn opgeslagen in SharePoint","explainText":"Beperkt het aantal keren dat in OneNote via polling wordt gezocht naar wijzigingen aan een sectie op een SharePoint-site.  Voer het synchronisatie-interval in seconden in.","tags":["L_Other","L_OneNoteOptions","L_MicrosoftOfficeOneNote"],"application":"onent16","key":"software\\microsoft\\office\\16.0\\onenote\\options\\save"},{"parentCategory":{"ref":"L_Other"},"supportedOn":{"ref":"windows:SUPPORTED_Windows7"},"elements":{"items":[{"valueName":"sharepointbackgroundsyncintervalmultiplier","minValue":1,"minValueSpecified":true,"maxValue":10,"maxValueSpecified":true,"inputType":"decimalTextBox","id":"L_empty16"}]},"name":"L_SharePointbackgroundsyncintervalmultiplier","displayName":"Vermenigvuldigingsfactor voor interval achtergrondsynchronisatie voor notitieblokken die zijn opgeslagen in SharePoint","explainText":"Met deze beleidsinstelling kunt u het interval vergroten tussen de achtergrondcontrole van een SharePoint-site op wijzigingen in de notitieblokken.\n\nAls u deze beleidsinstelling inschakelt, controleert OneNote minder vaak bij SharePoint of er wijzigingen zijn aangebracht in hele notitieblokken. Intervallen worden vermenigvuldigd met de ingevoerde waarde, een positief geheel getal tussen 1 en 10. Bij een grotere interval wordt het notitieblok minder vaak gesynchroniseerd, maar is de belasting van de server lager.\n\nAls u deze beleidsinstelling uitschakelt of niet configureert, worden de notitieblokken door OneNote gesynchroniseerd op basis van de standaardwaarde (vermenigvuldigingsfactor 1).\n\nOpmerking: deze beleidsinstelling is alleen van toepassing op versies met een volumelicentie van Office 2016 waarin Windows Installer (MSI) wordt gebruikt, zoals Office Professional Plus 2016 en Office Standard 2016.","tags":["L_Other","L_OneNoteOptions","L_MicrosoftOfficeOneNote"],"application":"onent16","key":"software\\microsoft\\office\\16.0\\onenote\\options\\save"},{"parentCategory":{"ref":"L_Other"},"supportedOn":{"ref":"windows:SUPPORTED_Windows7"},"elements":{"items":[{"valueName":"sharepointlivesyncintervalmultiplier","minValue":1,"minValueSpecified":true,"maxValue":10,"maxValueSpecified":true,"inputType":"decimalTextBox","id":"L_empty17"}]},"name":"L_SharePointlivesyncintervalmultiplier","displayName":"Vermenigvuldigingsfactor voor interval voorgrondsynchronisatie voor de weergegeven sectie die is opgeslagen in SharePoint","explainText":"Met deze beleidsinstelling kunt u het interval vergroten tussen de voorgrondcontrole van een SharePoint-site op wijzigingen in de weergegeven sectie.\n\nAls u deze beleidsinstelling inschakelt, controleert OneNote minder vaak bij SharePoint of er wijzigingen zijn aangebracht in de weergegeven sectie. Intervallen worden vermenigvuldigd met de ingevoerde waarde, een positief geheel getal tussen 1 en 10. Bij een grotere interval wordt de sectie minder vaak gesynchroniseerd, maar is de belasting van de server lager.\n\nAls u deze beleidsinstelling uitschakelt of niet configureert, wordt de weergegeven sectie door OneNote gesynchroniseerd op basis van de standaardwaarde (vermenigvuldigingsfactor 1).\n\nOpmerking: deze beleidsinstelling is alleen van toepassing op versies met een volumelicentie van Office 2016 waarin Windows Installer (MSI) wordt gebruikt, zoals Office Professional Plus 2016 en Office Standard 2016.","tags":["L_Other","L_OneNoteOptions","L_MicrosoftOfficeOneNote"],"application":"onent16","key":"software\\microsoft\\office\\16.0\\onenote\\options\\save"},{"parentCategory":{"ref":"L_Other"},"supportedOn":{"ref":"windows:SUPPORTED_Windows7"},"elements":{"items":[{"valueName":"sharepointpresenceintervalmultiplier","minValue":1,"minValueSpecified":true,"maxValue":10,"maxValueSpecified":true,"inputType":"decimalTextBox","id":"L_empty18"}]},"name":"L_SharePointpresenceintervalmultiplier","displayName":"Vermenigvuldigingsfactor voor synchroniseren aanwezigheid voor notitieblokken die zijn opgeslagen in SharePoint","explainText":"Met deze beleidsinstelling kunt u het interval vergroten tussen de controle bij SharePoint van het aantal actieve gebruikers van notitieblokken. De synchronisatie van notitieblokken in OneNote vindt sneller plaats wanneer andere gebruikers met een notitieblok werken.\n\nAls u deze beleidsinstelling inschakelt, controleert OneNote minder vaak bij SharePoint of er andere gebruikers momenteel met notitieblokken werken. Intervallen worden vermenigvuldigd met de ingevoerde waarde, een positief geheel getal tussen 1 en 10. Bij een grotere interval vindt de detectie van gelijktijdige gebruikers in notitieblokken minder snel plaats, maar is de belasting van de server lager.\n\nAls u deze beleidsinstelling uitschakelt of niet configureert, wordt het aantal actieve gebruikers door OneNote gecontroleerd op basis van de standaardwaarde (vermenigvuldigingsfactor 1).\n\nOpmerking: deze beleidsinstelling is alleen van toepassing op versies met een volumelicentie van Office 2016 waarin Windows Installer (MSI) wordt gebruikt, zoals Office Professional Plus 2016 en Office Standard 2016.","tags":["L_Other","L_OneNoteOptions","L_MicrosoftOfficeOneNote"],"application":"onent16","key":"software\\microsoft\\office\\16.0\\onenote\\options\\save"},{"parentCategory":{"ref":"L_Other"},"supportedOn":{"ref":"windows:SUPPORTED_Windows7"},"elements":{"items":[{"item":[{"value":{"decimal":{"value":0}},"displayName":"Inch"},{"value":{"decimal":{"value":1}},"displayName":"Centimeter"},{"value":{"decimal":{"value":2}},"displayName":"Millimeter"},{"value":{"decimal":{"value":3}},"displayName":"Punt"},{"value":{"decimal":{"value":4}},"displayName":"Pica"}],"valueName":"measurementunit","inputType":"dropdownList","caption":"Geef standaardmaateenheid op:","id":"L_Specifydefaultunitofmeasurement"}]},"name":"L_DefaultunitofmeasurementusedinOneNote","displayName":"Standaardmaateenheid die wordt gebruikt in OneNote","explainText":"Hiermee stelt u de waarde voor de optie Maateenheden in.","tags":["L_Other","L_OneNoteOptions","L_MicrosoftOfficeOneNote"],"application":"onent16","key":"software\\microsoft\\office\\16.0\\onenote\\options\\other"},{"parentCategory":{"ref":"L_Other"},"supportedOn":{"ref":"windows:SUPPORTED_Windows7"},"enabledValue":{"decimal":{"value":1}},"disabledValue":{"decimal":{"value":0}},"name":"L_AddOneNoteicontonotificationarea","displayName":"OneNote-pictogram toevoegen aan systeemvak","explainText":"Hiermee wordt de optie 'OneNote-pictogram in het systeemvak van de taakbalk plaatsen' in- of uitgeschakeld.","tags":["L_Other","L_OneNoteOptions","L_MicrosoftOfficeOneNote"],"application":"onent16","key":"software\\microsoft\\office\\16.0\\onenote\\options\\other","valueName":"runsystemtrayapp"},{"parentCategory":{"ref":"L_Other"},"supportedOn":{"ref":"windows:SUPPORTED_Windows7"},"enabledValue":{"decimal":{"value":0}},"disabledValue":{"decimal":{"value":1}},"name":"L_NotebookPresence","displayName":"Aanwezigheid voor notitieblok","explainText":"Met deze beleidsinstelling kunt u de functie Aanwezigheid voor notitieblok in- of uitschakelen in OneNote. Hiermee wordt de aanwezigheid van gebruikers binnen een notitieblok uitgezonden. Ook wordt hiermee realtimesynchronisatie mogelijk voor gebruikers die aan dezelfde pagina werken. Opmerking: wijzigingen aan dit beleid worden pas van kracht nadat OneNote opnieuw is gestart.\n\nAls u deze beleidsinstelling inschakelt of niet configureert, krijgen gebruikers een melding wanneer ze aan dezelfde pagina in een notitieblok werken als een andere gebruiker. In OneNote wordt realtimesynchronisatie ook geactiveerd wanneer wordt gedetecteerd dat meerdere gebruikers aan dezelfde pagina werken. \n\nAls u deze beleidsinstelling uitschakelt, krijgen gebruikers geen melding wanneer ze aan dezelfde pagina in een notitieblok werken als een andere gebruiker. In OneNote wordt realtimesynchronisatie niet geactiveerd wanneer meerdere gebruikers aan dezelfde pagina werken.","tags":["L_Other","L_OneNoteOptions","L_MicrosoftOfficeOneNote"],"application":"onent16","key":"software\\microsoft\\office\\16.0\\onenote\\options","valueName":"disablepresence"},{"parentCategory":{"ref":"L_Other"},"supportedOn":{"ref":"windows:SUPPORTED_Windows7"},"elements":{"items":[{"valueName":"insertedfilesdisallowembeddingsizethreshold","minValue":10485760,"minValueSpecified":true,"maxValue":2147483648,"maxValueSpecified":true,"inputType":"decimalTextBox","id":"L_EmbeddedFileSizeLimit"}]},"name":"L_SpecifyEmbeddedFileSizeLimit","displayName":"Maximale grootte van ingesloten bestanden","explainText":"Met deze beleidsinstelling kunt u de maximale grootte van ingesloten bestanden opgeven die gebruikers rechtstreeks kunnen invoegen in een OneNote-notitieblok op een SharePoint Server.\n \nAls u deze beleidsinstelling inschakelt, kunt u de standaard maximale bestandsgrootte van 50 MB verhogen of verlagen. \n\nAls u deze waarde verhoogt, kunnen gebruikers grotere bestanden rechtstreeks invoegen in het notitieblok, maar dit kan leiden tot verminderde serverprestaties. \n\nAls u deze waarde verlaagt, kunnen gebruikers alleen kleinere bestanden rechtstreeks invoegen in het notitieblok, waardoor kan leiden tot betere serverprestaties als er veel verkeer wordt gegenereerd bij de synchronisatie van OneNote.\n\nAls u deze beleidsinstelling uitschakelt of niet configureert, kunnen gebruikers geen bestanden invoegen die groter zijn dan 50 MB in een OneNote-notitieblok. Het bestand wordt in plaats daarvan geüpload naar een SharePoint-map en ingevoegd als een hyperlink in het notitieblok.","tags":["L_Other","L_OneNoteOptions","L_MicrosoftOfficeOneNote"],"application":"onent16","key":"software\\microsoft\\office\\16.0\\onenote\\general"},{"parentCategory":{"ref":"L_Other"},"supportedOn":{"ref":"windows:SUPPORTED_Windows_6_3_NOARM"},"enabledValue":{"decimal":{"value":1}},"disabledValue":{"decimal":{"value":0}},"name":"L_DisableSupportDiagnostics","displayName":"Ondersteuning en diagnostieken uitschakelen in OneNote","explainText":"Met deze beleidsinstelling wordt bepaald of OneNote klantgegevens naar ondersteuningsservices stuurt bij fouten.\n\nHet verzenden van klantgegevens naar ondersteuningsservices bij fouten kan helpen bij het vaststellen van het probleem, het bieden van oplossingsstappen of het weergeven van contextuele foutberichten aan de gebruiker.\n\nAls u deze beleidsinstelling inschakelt, worden door OneNote geen klantgegevens verzonden naar ondersteuningsservices als deze fout optreedt.\n\nAls u deze beleidsinstelling uitschakelt of niet configureert, stuurt OneNote klantgegevens naar ondersteuningsservices wanneer deze fout optreedt.\n\nOpmerking: deze beleidsinstelling is alleen van toepassing op versie 2207 en hoger van OneNote.","tags":["L_Other","L_OneNoteOptions","L_MicrosoftOfficeOneNote"],"application":"onent16","key":"software\\microsoft\\office\\16.0\\onenote\\general","valueName":"disablesupportdiagnostics"},{"parentCategory":{"ref":"L_Editing"},"supportedOn":{"ref":"windows:SUPPORTED_Windows7"},"enabledValue":{"decimal":{"value":1}},"disabledValue":{"decimal":{"value":0}},"name":"L_OneNoteTextPrediction","displayName":"Tekstvoorspelling OneNote","explainText":"\nMet deze beleidsinstelling bepaalt u of gebruikers tekstvoorspellingen zien en kunnen accepteren bij het schrijven van notities in het Engels in OneNote.\n\nAls u deze beleidsinstelling inschakelt of niet configureert, kunnen gebruikers voorspelde tekst zien en accepteren met behulp van de Tab-toets of pijl-rechts tijdens het schrijven van hun notities. Of ze kunnen gewoon blijven typen om de voorspelde tekst te negeren. \n\nAls u deze beleidsinstelling uitschakelt, kunnen gebruikers geen tekstvoorspellingen zien of accepteren tijdens het schrijven van notities.\n\nOpmerking: deze beleidsinstelling is alleen van toepassing op abonnementsversies van Office, zoals Microsoft 365-apps voor ondernemingen.\n      ","tags":["L_Editing","L_OneNoteOptions","L_MicrosoftOfficeOneNote"],"application":"onent16","key":"software\\microsoft\\office\\16.0\\onenote\\options\\editing","valueName":"textprediction"},{"parentCategory":{"ref":"L_Advanced"},"supportedOn":{"ref":"windows:SUPPORTED_Windows7"},"enabledList":[{"value":{"string":"true"},"valueName":"Microsoft.Office.UXPlatform.FluentSVRefresh"},{"value":{"string":"true"},"valueName":"Microsoft.Office.UXPlatform.RibbonTouchOptimization"},{"value":{"string":"true"},"valueName":"Microsoft.Office.UXPlatform.FluentSVRibbonOptionsMenu"}],"disabledList":[{"value":{"string":"false"},"valueName":"Microsoft.Office.UXPlatform.FluentSVRefresh"},{"value":{"string":"false"},"valueName":"Microsoft.Office.UXPlatform.RibbonTouchOptimization"},{"value":{"string":"false"},"valueName":"Microsoft.Office.UXPlatform.FluentSVRibbonOptionsMenu"}],"name":"L_onenoteVisualRefresh","displayName":"Instellingen voor visuele verversing","explainText":"Visuele verversing in- of uitschakelen. werkt mogelijk niet voor sommige versies van Office.\n\nGegevens verstrekt door Office Tool Plus.","tags":["L_Advanced"],"application":"onent16","key":"Software\\Microsoft\\Office\\16.0\\Common\\ExperimentConfigs\\ExternalFeatureOverrides\\onenote"}]}